item,condition,word_position,word,region,stor
1,CE,1,The,THE,0.0
1,CE,2,actor,N1,21.040683585662045
1,CE,3,who,WHO,26.854919637507308
1,CE,4,the,THE,52.04992257884929
1,CE,5,doctor,N2,41.61069709122832
1,CE,6,who,WHO,60.035777543746455
1,CE,7,the,THE,47.61565347573054
1,CE,8,reporter,N3,40.27377636811685
1,CE,9,watched,V3,24.15458495184957
1,CE,10,visited,V2,15.941422323124865
1,CE,11,called,V1,10.419910750288597
1,CE,12,the,THE,2.963164057340504
1,CE,13,dancer,N4,3.268670853966927
1,RB,1,The,THE,0.0
1,RB,2,reporter,N3,21.040683585662045
1,RB,3,watched,V3,23.638815861218045
1,RB,4,the,THE,11.700169435060772
1,RB,5,doctor,N2,19.864240390018622
1,RB,6,who,WHO,18.123969959717172
1,RB,7,visited,V2,29.40493361810467
1,RB,8,the,THE,30.7215537240866
1,RB,9,actor,N1,26.666714250149575
1,RB,10,who,WHO,19.896677392862916
1,RB,11,called,V1,15.39499384501559
1,RB,12,the,THE,5.032476806382085
1,RB,13,dancer,N4,3.3385589003059977
2,CE,1,The,THE,0.0
2,CE,2,lawyer,N1,21.040683585662045
2,CE,3,who,WHO,27.16922343540392
2,CE,4,the,THE,36.85570940931842
2,CE,5,dancer,N2,51.919468234725024
2,CE,6,who,WHO,53.14427776730529
2,CE,7,the,THE,25.910600393837512
2,CE,8,doctor,N3,46.14540969488276
2,CE,9,attacked,V3,24.865628862693875
2,CE,10,stopped,V2,8.933908639847798
2,CE,11,praised,V1,14.450223907373065
2,CE,12,the,THE,3.3777670542670495
2,CE,13,writer,N4,0.7938075142544343
2,RB,1,The,THE,0.0
2,RB,2,doctor,N3,21.040683585662045
2,RB,3,attacked,V3,18.79373403575777
2,RB,4,the,THE,18.515314417963683
2,RB,5,dancer,N2,16.182318336197078
2,RB,6,who,WHO,28.463458193558218
2,RB,7,stopped,V2,22.24918649720943
2,RB,8,the,THE,15.500715597908194
2,RB,9,lawyer,N1,22.021030786930485
2,RB,10,who,WHO,14.326217042344824
2,RB,11,praised,V1,13.191420907460364
2,RB,12,the,THE,2.701970828498766
2,RB,13,writer,N4,0.7014123486451412
3,CE,1,The,THE,0.0
3,CE,2,judge,N1,21.040683585662045
3,CE,3,who,WHO,35.893149341732816
3,CE,4,the,THE,40.67090236713742
3,CE,5,pilot,N2,50.40902716386939
3,CE,6,who,WHO,38.05850550655355
3,CE,7,the,THE,21.91286367453153
3,CE,8,senator,N3,57.610725340348424
3,CE,9,watched,V3,38.3109799076298
3,CE,10,visited,V2,21.408563074990134
3,CE,11,attacked,V1,9.184384199436682
3,CE,12,the,THE,1.5458851943811072
3,CE,13,reporter,N4,0.8299326954594929
3,RB,1,The,THE,0.0
3,RB,2,senator,N3,21.040683585662045
3,RB,3,watched,V3,34.494432328461286
3,RB,4,the,THE,25.83721836341508
3,RB,5,pilot,N2,20.959885792321394
3,RB,6,who,WHO,21.525261730750444
3,RB,7,visited,V2,31.785900240234998
3,RB,8,the,THE,34.675880818436255
3,RB,9,judge,N1,38.040648225447
3,RB,10,who,WHO,27.85304346001905
3,RB,11,attacked,V1,20.81608858537596
3,RB,12,the,THE,10.526765459719785
3,RB,13,reporter,N4,0.21865604025630814
4,CE,1,The,THE,0.0
4,CE,2,nurse,N1,21.040683585662045
4,CE,3,who,WHO,21.24982687186208
4,CE,4,the,THE,31.94780438528977
4,CE,5,thief,N2,46.28671429546297
4,CE,6,who,WHO,41.23620899655817
4,CE,7,the,THE,23.75023060800457
4,CE,8,reporter,N3,47.59613697050195
4,CE,9,avoided,V3,35.60129013968706
4,CE,10,praised,V2,14.288793381040932
4,CE,11,visited,V1,5.959011700338205
4,CE,12,the,THE,4.857015258210876
4,CE,13,guard,N4,1.0870336659841913
4,RB,1,The,THE,0.0
4,RB,2,reporter,N3,21.040683585662045
4,RB,3,avoided,V3,23.638815861218045
4,RB,4,the,THE,26.24914170672022
4,RB,5,thief,N2,29.049331067312757
4,RB,6,who,WHO,27.457707133961193
4,RB,7,praised,V2,30.61094806968106
4,RB,8,the,THE,27.62601460156639
4,RB,9,nurse,N1,22.97295990818674
4,RB,10,who,WHO,23.088733501514806
4,RB,11,visited,V1,15.892417511345608
4,RB,12,the,THE,4.594124043985363
4,RB,13,guard,N4,0.2528252162084654
5,CE,1,The,THE,0.0
5,CE,2,singer,N1,21.040683585662045
5,CE,3,who,WHO,24.834531432717156
5,CE,4,the,THE,38.34159204556145
5,CE,5,guard,N2,40.39146117239721
5,CE,6,who,WHO,50.79817712349089
5,CE,7,the,THE,26.482251979196544
5,CE,8,pilot,N3,40.20802619681344
5,CE,9,called,V3,27.237663157392845
5,CE,10,questioned,V2,12.65643842027348
5,CE,11,admired,V1,11.338370429975141
5,CE,12,the,THE,2.391854104768495
5,CE,13,student,N4,0.39595007402745996
5,RB,1,The,THE,0.0
5,RB,2,pilot,N3,21.040683585662045
5,RB,3,called,V3,24.968741877936267
5,RB,4,the,THE,20.602733978814847
5,RB,5,guard,N2,40.94071597308233
5,RB,6,who,WHO,18.34653425604259
5,RB,7,questioned,V2,23.399321291772054
5,RB,8,the,THE,18.350616866200095
5,RB,9,singer,N1,20.99003839260994
5,RB,10,who,WHO,20.402517817570978
5,RB,11,admired,V1,14.25700552939955
5,RB,12,the,THE,11.955064777465987
5,RB,13,student,N4,0.38560300454576935
6,CE,1,The,THE,0.0
6,CE,2,reporter,N1,21.040683585662045
6,CE,3,who,WHO,23.638815861218045
6,CE,4,the,THE,32.86449048851483
6,CE,5,artist,N2,43.32587559673418
6,CE,6,who,WHO,60.36282508408935
6,CE,7,the,THE,28.73699905050829
6,CE,8,singer,N3,48.39422646042745
6,CE,9,ignored,V3,30.050306383673636
6,CE,10,called,V2,9.5666386597822
6,CE,11,helped,V1,8.268316363092556
6,CE,12,the,THE,2.761553208163919
6,CE,13,pilot,N4,0.9467941613506499
6,RB,1,The,THE,0.0
6,RB,2,singer,N3,21.040683585662045
6,RB,3,ignored,V3,24.834531432717156
6,RB,4,the,THE,24.247283600664627
6,RB,5,artist,N2,25.493864073052315
6,RB,6,who,WHO,28.324797138304415
6,RB,7,called,V2,35.923837925952775
6,RB,8,the,THE,22.522063038923797
6,RB,9,reporter,N1,23.635770940631268
6,RB,10,who,WHO,17.55017916815538
6,RB,11,helped,V1,23.27799393256763
6,RB,12,the,THE,7.757206043981332
6,RB,13,pilot,N4,5.8669592252764176
7,CE,1,The,THE,0.0
7,CE,2,banker,N1,21.040683585662045
7,CE,3,who,WHO,31.166932637485765
7,CE,4,the,THE,34.8327951233524
7,CE,5,detective,N2,46.05680977959873
7,CE,6,who,WHO,53.9123330240017
7,CE,7,the,THE,24.246485085216673
7,CE,8,doctor,N3,44.398810797479676
7,CE,9,helped,V3,26.265332282459433
7,CE,10,attacked,V2,22.672809046330837
7,CE,11,warned,V1,10.645072995040119
7,CE,12,the,THE,2.8799240781108555
7,CE,13,president,N4,1.0463946862359128
7,RB,1,The,THE,0.0
7,RB,2,doctor,N3,21.040683585662045
7,RB,3,helped,V3,18.79373403575777
7,RB,4,the,THE,18.50795665619447
7,RB,5,detective,N2,25.949535546166345
7,RB,6,who,WHO,34.25804217485035
7,RB,7,attacked,V2,30.29828025675078
7,RB,8,the,THE,17.564627043693402
7,RB,9,banker,N1,26.518641960275257
7,RB,10,who,WHO,15.715626150322265
7,RB,11,warned,V1,13.350829175792327
7,RB,12,the,THE,4.422187123040695
7,RB,13,president,N4,1.1902434745404613
8,CE,1,The,THE,0.0
8,CE,2,neighbor,N1,21.040683585662045
8,CE,3,who,WHO,15.593029242061458
8,CE,4,the,THE,26.68127546225451
8,CE,5,thief,N2,36.00189620764783
8,CE,6,who,WHO,29.169465420489352
8,CE,7,the,THE,27.294877571759955
8,CE,8,teacher,N3,42.88634594227785
8,CE,9,stopped,V3,24.57581350247097
8,CE,10,admired,V2,11.155547567518088
8,CE,11,praised,V1,8.337899745524657
8,CE,12,the,THE,1.1825552857288206
8,CE,13,senator,N4,0.41659793219077107
8,RB,1,The,THE,0.0
8,RB,2,teacher,N3,21.040683585662045
8,RB,3,stopped,V3,26.550246868059016
8,RB,4,the,THE,22.813035401681464
8,RB,5,thief,N2,26.355088308118226
8,RB,6,who,WHO,33.351534348868654
8,RB,7,admired,V2,24.52116055471015
8,RB,8,the,THE,17.265120246116062
8,RB,9,neighbor,N1,20.15438447358082
8,RB,10,who,WHO,13.530960289410606
8,RB,11,praised,V1,13.267595984502929
8,RB,12,the,THE,5.298506691893315
8,RB,13,senator,N4,0.6266355456422831
9,CE,1,The,THE,0.0
9,CE,2,doctor,N1,21.040683585662045
9,CE,3,who,WHO,18.79373403575777
9,CE,4,the,THE,51.24968627248873
9,CE,5,chef,N2,66.79487062901076
9,CE,6,who,WHO,56.675972115684914
9,CE,7,the,THE,34.43668158619746
9,CE,8,president,N3,48.82774136563516
9,CE,9,avoided,V3,29.441811556959543
9,CE,10,watched,V2,13.603129600293853
9,CE,11,called,V1,11.257014341984972
9,CE,12,the,THE,6.155799814706523
9,CE,13,guard,N4,9.13987798891339
9,RB,1,The,THE,0.0
9,RB,2,president,N3,21.040683585662045
9,RB,3,avoided,V3,35.30457173982382
9,RB,4,the,THE,44.51421414440718
9,RB,5,chef,N2,53.44542489241089
9,RB,6,who,WHO,37.47351133515793
9,RB,7,watched,V2,45.02675512068201
9,RB,8,the,THE,22.47166469472026
9,RB,9,doctor,N1,17.723877550189947
9,RB,10,who,WHO,16.12925377720396
9,RB,11,called,V1,31.394235937253544
9,RB,12,the,THE,7.882293529077716
9,RB,13,guard,N4,9.171935447545062
10,CE,1,The,THE,0.0
10,CE,2,thief,N1,21.040683585662045
10,CE,3,who,WHO,24.18671406275316
10,CE,4,the,THE,26.62023383196643
10,CE,5,neighbor,N2,37.864893629587634
10,CE,6,who,WHO,34.50774653736048
10,CE,7,the,THE,22.24336969999195
10,CE,8,judge,N3,35.54351712566994
10,CE,9,met,V3,29.04686664191722
10,CE,10,attacked,V2,9.98165657291564
10,CE,11,praised,V1,7.456345349934474
10,CE,12,the,THE,1.2428518912042121
10,CE,13,banker,N4,0.47476788451740043
10,RB,1,The,THE,0.0
10,RB,2,judge,N3,21.040683585662045
10,RB,3,met,V3,35.893149341732816
10,RB,4,the,THE,22.824509826173056
10,RB,5,neighbor,N2,25.267619176015785
10,RB,6,who,WHO,13.81377902993328
10,RB,7,attacked,V2,20.085792116989253
10,RB,8,the,THE,15.688461587358725
10,RB,9,thief,N1,10.797471057042431
10,RB,10,who,WHO,11.746262354833695
10,RB,11,praised,V1,10.286527439505438
10,RB,12,the,THE,6.812686454631235
10,RB,13,banker,N4,0.3960719788237891
11,CE,1,The,THE,0.0
11,CE,2,writer,N1,21.040683585662045
11,CE,3,who,WHO,35.59895237951388
11,CE,4,the,THE,46.99594409031031
11,CE,5,student,N2,42.118200007728774
11,CE,6,who,WHO,62.72223271353161
11,CE,7,the,THE,28.14113256588175
11,CE,8,soldier,N3,44.56727887538295
11,CE,9,attacked,V3,26.37964592581324
11,CE,10,visited,V2,8.412891756599167
11,CE,11,watched,V1,8.110059147770528
11,CE,12,the,THE,3.775052252790507
11,CE,13,president,N4,1.2242761606353638
11,RB,1,The,THE,0.0
11,RB,2,soldier,N3,21.040683585662045
11,RB,3,attacked,V3,20.205961662115783
11,RB,4,the,THE,16.305335978515384
11,RB,5,student,N2,16.612467755905715
11,RB,6,who,WHO,13.481607825451542
11,RB,7,visited,V2,14.327321375192762
11,RB,8,the,THE,14.013491389499277
11,RB,9,writer,N1,18.971089037672566
11,RB,10,who,WHO,9.612665860684661
11,RB,11,watched,V1,14.202842493030312
11,RB,12,the,THE,8.137863260468048
11,RB,13,president,N4,2.251805686968014
12,CE,1,The,THE,0.0
12,CE,2,chef,N1,21.040683585662045
12,CE,3,who,WHO,22.32201624834428
12,CE,4,the,THE,33.05724073239993
12,CE,5,teacher,N2,45.886492608726876
12,CE,6,who,WHO,45.32202069710209
12,CE,7,the,THE,20.898298031125496
12,CE,8,baker,N3,36.09554789832264
12,CE,9,ignored,V3,28.927661596994565
12,CE,10,helped,V2,9.847252152764186
12,CE,11,watched,V1,13.27101214576497
12,CE,12,the,THE,4.565059669294609
12,CE,13,actor,N4,1.143636689417364
12,RB,1,The,THE,0.0
12,RB,2,baker,N3,21.040683585662045
12,RB,3,ignored,V3,36.14622800385287
12,RB,4,the,THE,31.632367393706627
12,RB,5,teacher,N2,29.60375635441342
12,RB,6,who,WHO,22.06265484500989
12,RB,7,helped,V2,25.668161352421762
12,RB,8,the,THE,12.034333338024561
12,RB,9,chef,N1,25.6037394246288
12,RB,10,who,WHO,19.555989575263705
12,RB,11,watched,V1,25.995440921545732
12,RB,12,the,THE,11.1585585658706
12,RB,13,actor,N4,2.423559400538669
13,CE,1,The,THE,0.0
13,CE,2,neighbor,N1,21.040683585662045
13,CE,3,who,WHO,15.593029242061458
13,CE,4,the,THE,26.68127546225451
13,CE,5,banker,N2,36.00189620764783
13,CE,6,who,WHO,28.363595564425815
13,CE,7,the,THE,24.267812481767518
13,CE,8,writer,N3,38.16968579799129
13,CE,9,watched,V3,30.10979182894539
13,CE,10,avoided,V2,12.897631791349031
13,CE,11,praised,V1,7.130038130410051
13,CE,12,the,THE,1.6841433251870703
13,CE,13,teacher,N4,0.3880406124043999
13,RB,1,The,THE,0.0
13,RB,2,writer,N3,21.040683585662045
13,RB,3,watched,V3,35.59895237951388
13,RB,4,the,THE,31.303219601231397
13,RB,5,banker,N2,30.51548660557122
13,RB,6,who,WHO,29.074616730564536
13,RB,7,avoided,V2,39.580473800574595
13,RB,8,the,THE,27.361905316185297
13,RB,9,neighbor,N1,34.039898112123915
13,RB,10,who,WHO,19.732765060138593
13,RB,11,praised,V1,24.59598661596272
13,RB,12,the,THE,10.851260058018331
13,RB,13,teacher,N4,0.19675412705272477
14,CE,1,The,THE,0.0
14,CE,2,president,N1,21.040683585662045
14,CE,3,who,WHO,35.30457173982382
14,CE,4,the,THE,43.421760740104425
14,CE,5,thief,N2,66.91043712298044
14,CE,6,who,WHO,46.56115578255995
14,CE,7,the,THE,29.879555644538957
14,CE,8,actor,N3,54.85936198332282
14,CE,9,visited,V3,34.650654661181676
14,CE,10,praised,V2,17.128106666419455
14,CE,11,stopped,V1,13.754303613399854
14,CE,12,the,THE,13.545693064958696
14,CE,13,artist,N4,7.653818729175156
14,RB,1,The,THE,0.0
14,RB,2,actor,N3,21.040683585662045
14,RB,3,visited,V3,26.854919637507308
14,RB,4,the,THE,44.705993030280204
14,RB,5,thief,N2,55.41270554254521
14,RB,6,who,WHO,30.835737391552016
14,RB,7,praised,V2,22.353212181384283
14,RB,8,the,THE,29.096714050447634
14,RB,9,president,N1,20.358496643806014
14,RB,10,who,WHO,35.89538889443789
14,RB,11,stopped,V1,29.87936984415699
14,RB,12,the,THE,14.38526170011326
14,RB,13,artist,N4,2.324041496018109
15,CE,1,The,THE,0.0
15,CE,2,artist,N1,21.040683585662045
15,CE,3,who,WHO,28.770341327031062
15,CE,4,the,THE,36.393076766428074
15,CE,5,baker,N2,35.08478823098021
15,CE,6,who,WHO,41.48719153412951
15,CE,7,the,THE,41.649389404054126
15,CE,8,chef,N3,47.85309225055944
15,CE,9,praised,V3,33.983832176401435
15,CE,10,avoided,V2,12.193828436097379
15,CE,11,trusted,V1,9.372155131746046
15,CE,12,the,THE,12.587687974004565
15,CE,13,teacher,N4,0.26411748344471964
15,RB,1,The,THE,0.0
15,RB,2,chef,N3,21.040683585662045
15,RB,3,praised,V3,22.32201624834428
15,RB,4,the,THE,27.20115863586866
15,RB,5,baker,N2,43.02913243136922
15,RB,6,who,WHO,66.22429991161674
15,RB,7,avoided,V2,35.968645855851946
15,RB,8,the,THE,19.002727396081916
15,RB,9,artist,N1,14.49319846996729
15,RB,10,who,WHO,14.66089142206312
15,RB,11,trusted,V1,16.531920380053638
15,RB,12,the,THE,7.9098142640803495
15,RB,13,teacher,N4,0.2534145166930926
16,CE,1,The,THE,0.0
16,CE,2,guard,N1,21.040683585662045
16,CE,3,who,WHO,18.804410374758028
16,CE,4,the,THE,40.195522370165115
16,CE,5,student,N2,43.91006144967075
16,CE,6,who,WHO,39.46060025908803
16,CE,7,the,THE,21.6801966873378
16,CE,8,writer,N3,34.88142566863663
16,CE,9,trusted,V3,24.79909212873675
16,CE,10,noticed,V2,9.961589766199955
16,CE,11,watched,V1,7.632183811521194
16,CE,12,the,THE,1.4544721232711324
16,CE,13,detective,N4,0.5024665011422305
16,RB,1,The,THE,0.0
16,RB,2,writer,N3,21.040683585662045
16,RB,3,trusted,V3,35.59895237951388
16,RB,4,the,THE,32.77942133405736
16,RB,5,student,N2,31.5891471216489
16,RB,6,who,WHO,24.619249139803244
16,RB,7,noticed,V2,25.53674880695821
16,RB,8,the,THE,16.889403163422855
16,RB,9,guard,N1,14.458967623581003
16,RB,10,who,WHO,12.31599520499946
16,RB,11,watched,V1,12.000188934418166
16,RB,12,the,THE,5.493145834668981
16,RB,13,detective,N4,1.059812224797433
17,CE,1,The,THE,0.0
17,CE,2,senator,N1,21.040683585662045
17,CE,3,who,WHO,34.494432328461286
17,CE,4,the,THE,33.40135428317059
17,CE,5,student,N2,53.03885859370182
17,CE,6,who,WHO,46.17742018075291
17,CE,7,the,THE,25.46836076575587
17,CE,8,detective,N3,48.1868890780528
17,CE,9,visited,V3,32.09771723349362
17,CE,10,attacked,V2,9.358271660272495
17,CE,11,called,V1,10.082510585290029
17,CE,12,the,THE,2.5505284559485033
17,CE,13,chef,N4,1.811931775645615
17,RB,1,The,THE,0.0
17,RB,2,detective,N3,21.040683585662045
17,RB,3,visited,V3,22.085400453495417
17,RB,4,the,THE,25.55190340220429
17,RB,5,student,N2,27.051620322882723
17,RB,6,who,WHO,27.608967595221543
17,RB,7,attacked,V2,28.39299361233153
17,RB,8,the,THE,23.34600043563349
17,RB,9,senator,N1,12.241914075850184
17,RB,10,who,WHO,12.691436696243578
17,RB,11,called,V1,12.235175537615405
17,RB,12,the,THE,7.570827248752631
17,RB,13,chef,N4,8.108774138414365
18,CE,1,The,THE,0.0
18,CE,2,judge,N1,21.040683585662045
18,CE,3,who,WHO,35.893149341732816
18,CE,4,the,THE,40.67090236713742
18,CE,5,singer,N2,50.40902716386939
18,CE,6,who,WHO,70.68409833440788
18,CE,7,the,THE,36.194958772026894
18,CE,8,detective,N3,54.26023260084845
18,CE,9,warned,V3,36.70205228382697
18,CE,10,admired,V2,22.35596708547713
18,CE,11,avoided,V1,10.321624342151349
18,CE,12,the,THE,6.0698986216203155
18,CE,13,banker,N4,0.6947826314249826
18,RB,1,The,THE,0.0
18,RB,2,detective,N3,21.040683585662045
18,RB,3,warned,V3,22.085400453495417
18,RB,4,the,THE,30.930955328228233
18,RB,5,singer,N2,45.365939820661595
18,RB,6,who,WHO,47.605910207104706
18,RB,7,admired,V2,31.494048282958403
18,RB,8,the,THE,22.18378351588245
18,RB,9,judge,N1,23.118952035652125
18,RB,10,who,WHO,28.526596550334297
18,RB,11,avoided,V1,13.833717494595756
18,RB,12,the,THE,8.772369513189718
18,RB,13,banker,N4,0.9243305839224208
19,CE,1,The,THE,0.0
19,CE,2,actor,N1,21.040683585662045
19,CE,3,who,WHO,26.854919637507308
19,CE,4,the,THE,52.04992257884929
19,CE,5,baker,N2,41.61069709122832
19,CE,6,who,WHO,36.66597918078248
19,CE,7,the,THE,32.97328671345065
19,CE,8,lawyer,N3,48.99983193561139
19,CE,9,praised,V3,24.59122379292322
19,CE,10,visited,V2,18.55210197993553
19,CE,11,ignored,V1,8.399924081992545
19,CE,12,the,THE,3.2482104743600444
19,CE,13,teacher,N4,0.3419285061528948
19,RB,1,The,THE,0.0
19,RB,2,lawyer,N3,21.040683585662045
19,RB,3,praised,V3,27.16922343540392
19,RB,4,the,THE,23.01979999583742
19,RB,5,baker,N2,40.16779893882868
19,RB,6,who,WHO,42.221839504861116
19,RB,7,visited,V2,27.77446630666634
19,RB,8,the,THE,26.5233702577976
19,RB,9,actor,N1,18.242168132210352
19,RB,10,who,WHO,28.16571403542066
19,RB,11,ignored,V1,16.956592550042174
19,RB,12,the,THE,11.474062893364207
19,RB,13,teacher,N4,0.36238867867519886
20,CE,1,The,THE,0.0
20,CE,2,guard,N1,21.040683585662045
20,CE,3,who,WHO,18.804410374758028
20,CE,4,the,THE,40.195522370165115
20,CE,5,teacher,N2,43.91006144967075
20,CE,6,who,WHO,33.75327722215163
20,CE,7,the,THE,22.353284672071624
20,CE,8,dancer,N3,35.97622203558775
20,CE,9,trusted,V3,25.28405564395007
20,CE,10,questioned,V2,12.113621403162444
20,CE,11,warned,V1,7.329386002307064
20,CE,12,the,THE,0.8577783564110517
20,CE,13,judge,N4,0.30374275579676446
20,RB,1,The,THE,0.0
20,RB,2,dancer,N3,21.040683585662045
20,RB,3,trusted,V3,26.519014818662328
20,RB,4,the,THE,26.147648897035946
20,RB,5,teacher,N2,28.126227775436053
20,RB,6,who,WHO,36.44404941444742
20,RB,7,questioned,V2,21.621472953226718
20,RB,8,the,THE,18.74772334518979
20,RB,9,guard,N1,16.56607732764463
20,RB,10,who,WHO,13.822497260462143
20,RB,11,warned,V1,13.192337166530667
20,RB,12,the,THE,8.936548806319747
20,RB,13,judge,N4,0.35278932929680906
21,CE,1,The,THE,0.0
21,CE,2,neighbor,N1,21.040683585662045
21,CE,3,who,WHO,15.593029242061458
21,CE,4,the,THE,26.68127546225451
21,CE,5,student,N2,36.00189620764783
21,CE,6,who,WHO,26.647715283713097
21,CE,7,the,THE,16.93327851739772
21,CE,8,lawyer,N3,32.98934387364845
21,CE,9,noticed,V3,19.64227089569121
21,CE,10,attacked,V2,7.945435774274042
21,CE,11,admired,V1,7.475839037902303
21,CE,12,the,THE,1.5551222710389485
21,CE,13,nurse,N4,0.33817337195660674
21,RB,1,The,THE,0.0
21,RB,2,lawyer,N3,21.040683585662045
21,RB,3,noticed,V3,27.16922343540392
21,RB,4,the,THE,30.94067501373307
21,RB,5,student,N2,34.33382185840413
21,RB,6,who,WHO,33.89961743175345
21,RB,7,attacked,V2,29.516454908143405
21,RB,8,the,THE,15.166936312645227
21,RB,9,neighbor,N1,18.120289971694252
21,RB,10,who,WHO,10.092129209489652
21,RB,11,admired,V1,10.211980194376661
21,RB,12,the,THE,6.92374412604987
21,RB,13,nurse,N4,0.12793160901026757
22,CE,1,The,THE,0.0
22,CE,2,senator,N1,21.040683585662045
22,CE,3,who,WHO,34.494432328461286
22,CE,4,the,THE,33.40135428317059
22,CE,5,doctor,N2,53.03885859370182
22,CE,6,who,WHO,46.37797740509127
22,CE,7,the,THE,42.87281000474603
22,CE,8,lawyer,N3,42.47424408098111
22,CE,9,avoided,V3,27.33679223752366
22,CE,10,noticed,V2,11.38484283484165
22,CE,11,ignored,V1,6.6848282034015005
22,CE,12,the,THE,1.2912370390793997
22,CE,13,actor,N4,0.26138994206034893
22,RB,1,The,THE,0.0
22,RB,2,lawyer,N3,21.040683585662045
22,RB,3,avoided,V3,27.16922343540392
22,RB,4,the,THE,30.582514951935842
22,RB,5,doctor,N2,31.259160569785408
22,RB,6,who,WHO,33.18991158892852
22,RB,7,noticed,V2,47.220681043464076
22,RB,8,the,THE,20.165863262132177
22,RB,9,senator,N1,15.262355426027291
22,RB,10,who,WHO,13.931027084271769
22,RB,11,ignored,V1,16.042735120718262
22,RB,12,the,THE,6.587428329551859
22,RB,13,actor,N4,0.17262793111246036
23,CE,1,The,THE,0.0
23,CE,2,pilot,N1,21.040683585662045
23,CE,3,who,WHO,24.968741877936267
23,CE,4,the,THE,35.10424325241111
23,CE,5,thief,N2,38.03581514749462
23,CE,6,who,WHO,42.89923892266941
23,CE,7,the,THE,23.695907737946417
23,CE,8,president,N3,44.1677378529833
23,CE,9,admired,V3,32.52311804022929
23,CE,10,questioned,V2,14.094327921932035
23,CE,11,warned,V1,9.648419742431326
23,CE,12,the,THE,1.3483475668559914
23,CE,13,chef,N4,1.1988571658180815
23,RB,1,The,THE,0.0
23,RB,2,president,N3,21.040683585662045
23,RB,3,admired,V3,35.30457173982382
23,RB,4,the,THE,30.09751218168246
23,RB,5,thief,N2,54.60713639814671
23,RB,6,who,WHO,36.481719376405174
23,RB,7,questioned,V2,29.37228920418344
23,RB,8,the,THE,21.60600835925246
23,RB,9,pilot,N1,19.2008220868339
23,RB,10,who,WHO,17.586786363322137
23,RB,11,warned,V1,18.743073858717207
23,RB,12,the,THE,10.108295375784975
23,RB,13,chef,N4,1.8438291305218628
24,CE,1,The,THE,0.0
24,CE,2,nurse,N1,21.040683585662045
24,CE,3,who,WHO,21.24982687186208
24,CE,4,the,THE,31.94780438528977
24,CE,5,teacher,N2,46.28671429546297
24,CE,6,who,WHO,40.92023851479205
24,CE,7,the,THE,24.00073314199735
24,CE,8,guard,N3,40.0886541567368
24,CE,9,attacked,V3,26.555191240284334
24,CE,10,praised,V2,6.961072928592775
24,CE,11,avoided,V1,7.689259669677974
24,CE,12,the,THE,9.167400842796027
24,CE,13,reporter,N4,0.6896258827954881
24,RB,1,The,THE,0.0
24,RB,2,guard,N3,21.040683585662045
24,RB,3,attacked,V3,18.804410374758028
24,RB,4,the,THE,7.179738872673255
24,RB,5,teacher,N2,14.681768568034009
24,RB,6,who,WHO,11.842970908140604
24,RB,7,praised,V2,14.586407047342153
24,RB,8,the,THE,13.948628799159142
24,RB,9,nurse,N1,12.745969277646628
24,RB,10,who,WHO,13.578719871555208
24,RB,11,avoided,V1,8.082713341965269
24,RB,12,the,THE,6.9176103571650405
24,RB,13,reporter,N4,0.26385031931347175
25,CE,1,The,THE,0.0
25,CE,2,writer,N1,21.040683585662045
25,CE,3,who,WHO,35.59895237951388
25,CE,4,the,THE,46.99594409031031
25,CE,5,guard,N2,42.118200007728774
25,CE,6,who,WHO,52.085569766858924
25,CE,7,the,THE,26.935656548989552
25,CE,8,teacher,N3,42.41895475441643
25,CE,9,called,V3,25.07609357759182
25,CE,10,attacked,V2,10.27241181832551
25,CE,11,helped,V1,10.750461458991495
25,CE,12,the,THE,2.1196253746734217
25,CE,13,actor,N4,0.8710832245025218
25,RB,1,The,THE,0.0
25,RB,2,teacher,N3,21.040683585662045
25,RB,3,called,V3,26.550246868059016
25,RB,4,the,THE,20.025982161953156
25,RB,5,guard,N2,38.24903167079769
25,RB,6,who,WHO,13.428227205341804
25,RB,7,attacked,V2,22.90638349998184
25,RB,8,the,THE,18.509705418784105
25,RB,9,writer,N1,18.511781593345322
25,RB,10,who,WHO,10.978916978026556
25,RB,11,helped,V1,12.71789001420556
25,RB,12,the,THE,8.226605863576872
25,RB,13,actor,N4,1.1415830412243748
26,CE,1,The,THE,0.0
26,CE,2,pilot,N1,21.040683585662045
26,CE,3,who,WHO,24.968741877936267
26,CE,4,the,THE,35.10424325241111
26,CE,5,artist,N2,38.03581514749462
26,CE,6,who,WHO,59.31835862299564
26,CE,7,the,THE,34.01830695868014
26,CE,8,baker,N3,41.418728594482715
26,CE,9,called,V3,34.04608215679448
26,CE,10,trusted,V2,14.71481221818139
26,CE,11,praised,V1,19.961297487665334
26,CE,12,the,THE,2.8677268884673275
26,CE,13,reporter,N4,0.4716340697261495
26,RB,1,The,THE,0.0
26,RB,2,baker,N3,21.040683585662045
26,RB,3,called,V3,36.14622800385287
26,RB,4,the,THE,37.3220947136506
26,RB,5,artist,N2,46.2083743061858
26,RB,6,who,WHO,72.60593566473942
26,RB,7,trusted,V2,68.04917767996244
26,RB,8,the,THE,17.068644170082674
26,RB,9,pilot,N1,23.11880361462443
26,RB,10,who,WHO,17.134261355801303
26,RB,11,praised,V1,14.348092590599633
26,RB,12,the,THE,6.296202635005853
26,RB,13,reporter,N4,1.0806765879562528
27,CE,1,The,THE,0.0
27,CE,2,nurse,N1,21.040683585662045
27,CE,3,who,WHO,21.24982687186208
27,CE,4,the,THE,31.94780438528977
27,CE,5,artist,N2,46.28671429546297
27,CE,6,who,WHO,61.45495619290439
27,CE,7,the,THE,31.239521440926758
27,CE,8,doctor,N3,47.15952667854835
27,CE,9,avoided,V3,27.040283011559534
27,CE,10,watched,V2,14.79049489277116
27,CE,11,called,V1,6.830302273439595
27,CE,12,the,THE,9.923295354047516
27,CE,13,actor,N4,2.2840396024866987
27,RB,1,The,THE,0.0
27,RB,2,doctor,N3,21.040683585662045
27,RB,3,avoided,V3,18.79373403575777
27,RB,4,the,THE,20.54506080072656
27,RB,5,artist,N2,21.370638664700422
27,RB,6,who,WHO,37.46657355502213
27,RB,7,watched,V2,53.533454900185625
27,RB,8,the,THE,19.606138372640842
27,RB,9,nurse,N1,14.99538186633632
27,RB,10,who,WHO,17.002499951592167
27,RB,11,called,V1,27.48094165687637
27,RB,12,the,THE,7.687233954557797
27,RB,13,actor,N4,5.145844496786024
28,CE,1,The,THE,0.0
28,CE,2,nurse,N1,21.040683585662045
28,CE,3,who,WHO,21.24982687186208
28,CE,4,the,THE,31.94780438528977
28,CE,5,thief,N2,46.28671429546297
28,CE,6,who,WHO,41.23620899655817
28,CE,7,the,THE,23.75023060800457
28,CE,8,banker,N3,47.59613697050195
28,CE,9,ignored,V3,26.652024652995767
28,CE,10,noticed,V2,10.688279626723851
28,CE,11,helped,V1,10.029753515153283
28,CE,12,the,THE,1.9129975120993619
28,CE,13,lawyer,N4,0.6055990281858533
28,RB,1,The,THE,0.0
28,RB,2,banker,N3,21.040683585662045
28,RB,3,ignored,V3,31.166932637485765
28,RB,4,the,THE,28.822251022523638
28,RB,5,thief,N2,25.079392763778984
28,RB,6,who,WHO,31.401456112902064
28,RB,7,noticed,V2,23.699549040621807
28,RB,8,the,THE,16.46981579486852
28,RB,9,nurse,N1,12.3265569713075
28,RB,10,who,WHO,9.435906644293656
28,RB,11,helped,V1,11.50274160703751
28,RB,12,the,THE,8.530918773772088
28,RB,13,lawyer,N4,0.616643328266431
29,CE,1,The,THE,0.0
29,CE,2,guard,N1,21.040683585662045
29,CE,3,who,WHO,18.804410374758028
29,CE,4,the,THE,40.195522370165115
29,CE,5,nurse,N2,43.91006144967075
29,CE,6,who,WHO,35.89369848233702
29,CE,7,the,THE,21.725830047969787
29,CE,8,reporter,N3,42.75812990935889
29,CE,9,met,V3,31.870988936221178
29,CE,10,admired,V2,10.107243227579044
29,CE,11,helped,V1,12.789141453681152
29,CE,12,the,THE,2.381885917097499
29,CE,13,thief,N4,0.3997153499936429
29,RB,1,The,THE,0.0
29,RB,2,reporter,N3,21.040683585662045
29,RB,3,met,V3,23.638815861218045
29,RB,4,the,THE,18.99731677889011
29,RB,5,nurse,N2,17.397563913562863
29,RB,6,who,WHO,19.47254586108628
29,RB,7,admired,V2,19.23568137932427
29,RB,8,the,THE,21.487767255590057
29,RB,9,guard,N1,15.786950075110738
29,RB,10,who,WHO,15.946976760808456
29,RB,11,helped,V1,12.199121766495754
29,RB,12,the,THE,5.88295719388281
29,RB,13,thief,N4,0.6534106075382449
30,CE,1,The,THE,0.0
30,CE,2,doctor,N1,21.040683585662045
30,CE,3,who,WHO,18.79373403575777
30,CE,4,the,THE,51.24968627248873
30,CE,5,neighbor,N2,66.79487062901076
30,CE,6,who,WHO,40.274183107086145
30,CE,7,the,THE,34.97228801569276
30,CE,8,soldier,N3,46.10088153776088
30,CE,9,questioned,V3,31.99585031854806
30,CE,10,visited,V2,9.125665511941511
30,CE,11,met,V1,8.062764499224702
30,CE,12,the,THE,3.6397083908448598
30,CE,13,student,N4,1.4681138630517874
30,RB,1,The,THE,0.0
30,RB,2,soldier,N3,21.040683585662045
30,RB,3,questioned,V3,20.205961662115783
30,RB,4,the,THE,18.83510325854426
30,RB,5,neighbor,N2,24.348596430504774
30,RB,6,who,WHO,17.0696353060996
30,RB,7,visited,V2,20.605894417998428
30,RB,8,the,THE,20.755707430273453
30,RB,9,doctor,N1,19.493427994554043
30,RB,10,who,WHO,17.9528767171333
30,RB,11,met,V1,15.907487066545292
30,RB,12,the,THE,1.9608453020293986
30,RB,13,student,N4,0.6676359764908679
