word,dlt_stor
If,1
you,1
were,2
to,2
journey,2
to,2
the,2
North,2
of,2
"England,",2
you,1
would,1
come,1
to,1
a,1
valley,1
that,1
is,1
surrounded,1
by,1
moors,1
as,1
high,1
as,1
mountains.,0
It,1
is,1
in,1
this,1
valley,1
where,1
you,1
would,1
find,2
the,2
city,2
of,2
"Bradford,",2
where,1
once,1
a,2
thousand,2
spinning,2
jennies,2
that,2
hummed,3
and,2
clattered,1
spun,3
wool,2
into,2
money,1
for,1
the,1
long-bearded,1
mill,1
owners.,0
That,1
all,2
mill,2
owners,1
were,1
generally,1
busy,4
as,4
beavers,3
and,2
quite,2
pleased,3
with,3
themselves,2
for,2
being,2
so,2
successful,3
and,2
well,2
off,1
was,1
known,3
to,3
the,3
residents,3
of,3
"Bradford,",4
and,1
if,2
you,2
were,2
to,2
go,3
into,3
the,3
city,2
to,2
visit,2
the,2
stately,2
City,2
"Hall,",2
you,1
would,1
see,2
there,1
the,1
Crest,1
of,1
the,1
City,1
of,1
"Bradford,",0
which,1
those,2
same,2
mill,2
owners,1
created,1
to,1
celebrate,1
their,1
achievements.,0
It,1
shows,3
a,3
sinister,4
looking,3
boar's,7
head,3
sitting,3
on,3
top,3
of,3
a,3
well,2
which,3
seems,3
puzzling,3
at,3
"first,",4
but,1
the,2
reason,2
for,2
this,2
symbol,1
is,1
a,1
matter,1
of,1
legend.,0
There,1
was,3
"once,",4
legend,2
has,2
"it,",2
a,1
fearsome,1
"boar,",2
which,1
lived,1
in,1
a,1
wood,1
located,2
just,1
outside,1
the,1
manor,1
of,1
Bradford.,0
A,1
source,2
of,2
great,2
trouble,2
to,2
the,2
local,2
folk,1
the,2
boar,1
"was,",0
bringing,4
terror,3
to,3
the,3
peaceful,3
flocks,2
and,1
ravaging,2
the,2
countryside,1
around.,0
Even,1
"worse,",2
"however,",2
the,2
boar,1
most,1
liked,1
to,1
go,3
to,3
the,3
well,3
that,3
was,3
in,3
the,3
wood,2
and,1
drink,1
its,1
fresh,1
"water,",0
so,2
that,1
the,2
people,2
of,2
Bradford,1
had,1
second,1
thoughts,1
about,1
visiting,1
the,1
well.,0
That,1
the,2
people,2
of,2
Bradford,1
bore,2
the,2
brunt,2
of,2
the,3
beast's,5
ferocity,1
was,1
unfair,1
in,1
the,1
eyes,1
of,1
the,1
people,1
of,1
the,1
region.,0
"Eventually,",2
the,2
issue,1
reached,1
the,1
ears,1
of,1
the,1
kindly,1
Lord,2
of,2
the,2
Manor,1
who,1
the,2
people,1
had,1
often,1
asked,1
for,1
help.,0
The,1
Lord,1
saw,3
the,3
severity,3
of,3
the,3
problem,3
the,4
people,3
faced,2
and,1
suggested,1
a,2
contest,1
could,1
solve,1
the,1
problem.,0
He,1
said,1
that,1
whoever,2
could,2
kill,4
the,4
boar,3
and,2
bring,4
as,4
proof,3
its,3
head,2
to,2
the,2
Manor,2
House,1
would,1
be,1
rewarded,1
with,1
land,2
and,1
fame.,0
It,1
was,1
the,1
people,6
of,6
Bradford,5
and,4
the,4
people,4
who,4
knew,4
them,3
who,3
rejoiced,3
at,3
this,3
proclamation,2
but,1
one,2
question,1
remained:,2
who,1
would,1
kill,1
the,1
boar?,0
By,1
the,1
handsome,1
reward,1
many,1
felt,2
"tempted,",4
but,1
the,2
thought,2
of,2
the,2
boar,2
with,2
its,2
deadly,2
tusks,3
and,2
face,2
like,2
thunder,1
soon,1
put,1
an,1
end,1
to,1
their,1
ambitions.,0
"However,",2
there,1
was,1
one,1
"huntsman,",4
who,2
was,2
still,2
wet,2
behind,2
the,2
"ears,",2
who,1
decided,1
the,2
prize,1
was,1
worth,1
a,2
"shot,",2
in,1
spite,1
of,1
the,2
boar's,3
reputation.,0
The,1
huntsman,1
discovered,1
the,2
boar,1
preferred,1
to,1
come,2
out,1
in,1
the,1
middle,1
of,1
the,1
day.,0
So,0
he,1
went,3
to,3
the,3
wood,3
by,3
the,3
well,2
with,2
his,2
good,2
"bow,",2
to,1
bide,1
his,1
time.,0
Around,1
"noontime,",2
the,2
"boar,",4
feared,2
by,2
the,2
"locals,",2
came,4
"out,",6
as,3
slow,3
as,3
a,3
"snail,",4
from,2
among,2
the,2
"trees,",2
just,1
as,1
the,2
huntsman,1
had,1
predicted.,0
The,1
huntsman,1
leaped,3
from,3
his,3
hiding,3
place,2
and,1
through,2
the,2
heart,2
with,2
his,2
fine,2
arrows,1
shot,1
the,1
boar.,0
Now,1
the,2
problem,1
was,2
no,2
longer,1
to,1
kill,1
the,1
boar.,0
It,1
was,1
to,1
find,1
a,1
way,1
to,1
carry,2
the,2
boar,1
back.,0
The,1
head,1
was,1
too,1
heavy,3
for,3
the,4
little,4
huntsman,3
to,3
carry,4
back,3
to,3
the,3
Manor,3
"House,",4
but,1
the,2
"huntsman,",4
who,2
was,2
as,2
quick-witted,4
and,3
cunning,2
as,2
"ever,",2
asked,2
"himself,",2
'What,3
else,1
can,1
I,1
do,1
to,1
prove,1
I,1
killed,1
the,1
boar?',0
The,1
next,1
instance,0
he,1
opened,4
the,5
boar's,9
mouth,3
and,2
cut,3
out,2
its,2
"tongue,",2
taking,3
that,2
as,2
proof,1
for,1
the,1
Lord.,0
He,1
set,5
out,4
for,4
the,4
Manor,4
House,3
as,3
quickly,3
as,3
he,3
could,2
and,1
he,1
had,1
only,1
been,1
gone,2
a,2
few,2
minutes,1
when,1
a,2
second,2
"huntsman,",4
not,2
so,2
bold,4
as,4
the,4
first,3
but,2
a,3
little,2
more,2
"cunning,",2
came,1
on,1
the,1
scene.,0
Seeing,2
the,2
slain,2
carcass,2
of,2
the,2
"boar,",2
the,2
huntsman,1
rejoiced,1
in,1
his,1
good,1
fortune.,0
The,1
second,1
huntsman,1
knew,3
a,4
shortcut,4
to,4
the,4
Manor,4
House,3
was,3
just,3
around,3
the,3
nearby,3
"pond,",4
"and,",2
being,2
a,2
bigger,2
man,2
than,2
the,2
"first,",2
was,1
able,1
to,1
pick,4
up,3
the,4
boar's,7
head,2
and,1
carry,3
it,2
through,2
the,2
wood,1
towards,1
the,1
prize,1
that,1
awaited,1
him.,0
The,1
Lord,2
of,2
the,2
Manor,1
was,1
seated,2
in,2
his,2
hall,1
when,1
the,2
second,2
huntsman,1
burst,3
through,3
the,3
door,2
and,1
began,1
to,1
spin,1
a,1
line.,0
'The,1
woes,2
of,2
Bradford,1
are,1
ended!',0
he,1
announced.,0
'With,1
my,1
own,1
hand,1
I,1
have,1
slain,1
the,1
boar!',0
"And,",2
with,2
"that,",2
at,2
the,2
feet,2
of,2
his,2
lord,1
he,1
dropped,1
the,2
boar's,3
enormous,1
head.,0
'Then,1
you,1
will,1
be,1
"rewarded,",2
as,1
I,1
promised.',0
'But,2
"first,",2
let,2
me,2
examine,2
the,2
head,2
of,2
this,2
"monster,'",3
said,1
the,1
Lord,1
of,1
the,1
Manor.,0
To,1
not,1
examine,3
the,3
head,2
in,2
advance,1
had,1
not,1
been,1
very,1
clever,1
on,1
the,1
part,1
of,1
the,1
huntsman.,0
Right,1
"away,",2
the,2
Lord,1
noticed,3
the,4
tongue,4
of,4
the,4
boar,3
was,3
missing,2
and,1
"exclaimed,",2
'What,3
is,1
this?,0
A,1
boar,1
with,1
no,1
tongue?',0
He,1
looked,2
at,2
the,2
"huntsman,",2
dubiously.,0
'How,1
come,1
this,2
creature,1
has,1
no,1
tongue?',0
he,1
demanded.,0
All,1
eyes,1
were,1
on,1
the,1
huntsman.,0
The,1
huntsman,2
questioned,2
by,2
the,2
Lord,1
"replied,",2
'I,2
cannot,2
"say,",0
my,1
Lord.',0
He,1
was,1
suddenly,1
realizing,1
his,2
tricky,2
situation,1
could,1
end,2
badly,1
for,1
him.,0
Through,1
the,1
door,1
at,2
this,2
"moment,",2
the,2
first,2
huntsman,1
burst.,0
'The,1
woes,2
of,2
Bradford,1
are,1
ended!',0
he,1
cried.,0
'I,1
have,1
slain,1
the,1
boar,1
the,2
people,2
of,2
Bradford,1
dreaded!',0
All,1
eyes,1
turned,1
to,1
the,1
man,1
who,1
now,1
stood,1
in,1
the,1
doorway.,0
'The,1
reward,1
is,1
already,1
"given,'",3
said,1
the,1
Lord,1
of,1
the,1
Manor.,0
'The,1
man,2
here,1
has,1
brought,2
to,2
me,1
the,2
boar's,3
head.',0
'Then,1
where,1
is,1
its,1
tongue?',0
the,1
first,1
huntsman,1
replied.,0
"And,",2
so,2
"saying,",2
he,1
drew,4
out,3
the,4
boar's,7
tongue,3
he,3
had,3
put,3
in,3
his,3
hunting,3
pouch,2
and,1
related,1
how,1
he,1
had,1
ambushed,4
the,4
creature,3
in,3
the,3
wood,2
and,1
cut,3
out,2
its,2
tongue,1
as,1
proof,1
of,1
his,1
victory.,0
Listening,2
to,2
the,2
"tale,",2
the,2
Lord,2
of,2
the,2
Manor,1
tried,1
to,1
discern,0
which,1
huntsman,1
was,1
telling,4
him,3
the,3
truth,2
and,1
what,1
the,2
two,2
huntsmen,1
were,1
thinking,1
as,1
they,1
waited,1
for,1
him,1
to,1
make,1
a,1
decision.,0
Almost,1
"instantly,",2
the,2
Lord,1
saw,1
that,1
the,2
second,2
huntsman,1
had,1
fed,4
him,3
a,3
pack,3
of,3
lies,2
and,1
it,1
was,1
the,1
first,1
huntsman,1
who,1
was,1
the,1
true,1
savior,1
of,1
Bradford.,0
The,1
Lord,1
believed,3
the,4
second,4
huntsman,3
had,3
tried,3
to,3
steal,3
the,4
first,4
huntsman's,7
prize,2
and,1
so,1
proclaimed,2
the,2
first,2
huntsman,1
the,1
true,1
victor.,0
The,1
Lord,1
wondered,2
for,2
a,2
moment,1
why,1
he,1
always,1
encountered,2
so,3
much,2
chicanery,1
in,1
his,1
everyday,1
interactions.,0
The,1
huntsman,2
who,2
had,2
earned,3
his,3
prize,2
fair,3
and,2
square,1
received,2
as,2
his,2
reward,1
a,1
piece,2
of,2
land,3
just,2
outside,2
the,2
"town,",2
known,2
thereafter,1
as,1
Hunt,1
Yard.,0
His,1
fame,1
was,1
indeed,1
"assured,",4
but,1
it,1
was,1
not,1
nearly,1
as,1
lasting,1
as,1
that,1
of,1
the,1
fearsome,1
Bradford,1
Boar.,0
A,1
clear,3
and,2
joyous,1
day,1
it,1
was,2
and,1
out,2
on,2
the,2
wide,2
open,2
"sea,",2
thousands,4
upon,4
thousands,3
of,3
sparkling,3
water,3
"drops,",4
excited,2
by,2
getting,2
to,2
play,2
in,2
the,2
"ocean,",2
danced,1
all,1
around.,0
One,2
of,2
these,1
was,1
a,1
merry,1
little,1
fellow,4
named,4
"Aqua,",6
who,3
danced,4
on,4
the,4
silver,4
backs,4
of,4
the,4
fishes,3
as,3
they,3
plunged,4
up,5
and,4
down,3
in,3
the,3
"waves,",4
"and,",2
no,2
matter,1
how,2
high,2
he,2
"sprung,",2
he,1
always,1
came,2
down,2
again,1
into,1
his,2
mother's,3
lap.,0
His,1
"mother,",2
you,2
"know,",2
was,1
the,1
"ocean,",4
and,1
very,2
beautiful,1
she,1
looked,2
that,2
summer,2
day,1
in,1
her,1
dark,1
blue,1
dress,2
and,1
white,1
ruffles.,0
By,1
and,2
"by,",2
the,2
happy,2
water,2
drop,1
tired,4
of,4
his,4
"play,",6
and,2
looking,3
up,2
to,2
the,2
clear,2
sky,2
above,2
"him,",2
thought,1
he,1
would,1
like,2
to,2
have,2
a,2
sail,2
on,2
one,2
of,2
the,2
"white,",4
marshmallow-like,2
"clouds,",2
instead,2
of,1
spending,2
his,2
whole,2
life,1
in,1
the,1
ocean.,0
Of,1
the,1
"sky,",2
little,2
Aqua,1
had,1
always,1
been,1
"afraid,",4
but,1
he,1
decided,3
to,3
finally,3
face,3
his,3
demons,2
and,1
suggested,1
a,2
solution,2
involving,3
the,3
sun,2
carrying,4
him,3
up,2
to,2
the,2
sky,1
would,1
be,1
ideal.,0
The,1
sun,1
understood,2
Aqua's,7
request,2
came,2
from,2
his,2
"heart,",2
so,1
he,1
acquiesced,2
and,1
also,1
took,2
ever,3
so,3
many,2
other,2
"drops,",2
so,2
that,1
Aqua,1
might,1
not,1
be,1
lonesome,1
on,1
the,1
way.,0
It,1
was,1
only,1
the,1
sun,2
that,2
knew,2
"this,",2
"however,",0
for,1
all,2
the,2
other,2
drops,1
had,1
been,1
changed,3
into,3
fine,3
mist,4
or,3
vapor,2
and,1
Aqua,1
could,1
not,1
see,1
them.,0
Do,1
you,1
know,1
what,1
vapor,1
is?,0
If,1
you,1
breathe,3
into,3
the,3
"air,",4
when,2
it,2
is,2
cold,2
"enough,",2
you,1
will,1
see,0
it,1
coming,3
out,3
of,3
your,3
mouth,2
thick,3
and,2
fast,1
like,0
steam.,0
When,1
the,2
vapor,1
is,1
quite,1
near,1
the,1
"earth,",2
we,1
call,1
it,1
'fog'.,1
Into,1
vapor,1
the,2
water,2
drops,2
that,2
danced,2
in,2
the,2
ocean,1
had,1
been,1
"changed,",0
because,1
in,2
their,2
own,2
shape,1
they,1
were,1
too,1
heavy,1
for,1
the,2
sunbeams,2
that,2
the,3
sun,2
let,2
out,1
to,1
carry.,0
Higher,3
and,2
higher,1
they,1
"sailed,",4
and,1
though,1
it,1
was,1
"grand,",0
Aqua,4
and,3
his,3
friends,2
were,2
like,2
fish,2
out,2
of,2
"water,",2
so,0
they,1
grew,1
quite,1
dizzy.,0
They,1
enjoyed,3
looking,4
down,4
on,4
the,4
world,4
"below,",6
while,3
the,4
wind,3
scattered,4
them,3
across,3
the,3
four,3
corners,3
of,3
the,3
"earth,",4
but,1
after,2
a,2
while,1
it,1
grew,3
nearly,2
time,1
for,1
the,2
sun,1
to,1
go,1
to,1
bed.,0
He,1
became,3
very,3
red,3
in,3
the,3
"face,",4
and,1
began,1
to,1
sink,2
lower,3
and,2
"lower,",2
until,1
suddenly,1
he,1
went,2
clear,1
out,1
of,1
sight!,0
Poor,1
little,1
"Aqua,",4
frightened,2
by,2
the,2
impending,2
cold,3
and,2
"darkness,",2
wished,1
he,1
could,1
sleep,0
not,2
in,3
the,3
"sky,",4
but,1
somewhere,1
closer,1
to,1
earth.,0
Then,1
Aqua,1
heard,3
the,4
wind,3
blow,2
and,1
conjectured,1
that,1
maybe,2
the,2
wind,1
could,1
take,3
him,2
back,2
down,1
to,1
the,1
ocean.,0
"Indeed,",2
the,2
wind,1
took,4
pity,3
on,3
him,2
and,1
fanned,2
"him,",4
together,2
with,2
all,2
of,2
his,2
brothers,3
and,2
"sisters,",2
into,1
a,1
heavy,1
gray,1
"cloud,",0
after,1
which,1
he,1
blew,4
them,3
apart,2
and,1
told,2
them,1
to,1
hurry,4
"down,",6
fast,4
and,3
furious,2
to,2
the,2
"earth,",2
so,1
they,1
could,1
have,1
a,1
fighting,1
chance,1
of,1
reaching,1
the,1
ocean.,0
Down,1
they,1
"went,",4
rolling,4
over,4
each,4
other,3
until,3
with,4
a,4
patter,7
and,6
clatter,5
and,4
spatter,3
they,3
touched,3
the,3
"ground,",4
and,1
all,2
the,2
people,2
that,2
the,3
raindrops,2
fell,2
on,1
"cried,",6
'It's,9
"raining',",6
and,1
took,2
out,1
their,1
umbrellas.,0
Some,2
of,2
the,2
drops,2
that,2
were,2
the,2
most,2
"fortunate,",4
including,2
"Aqua,",2
fell,3
on,3
a,3
"mountainside,",4
and,1
down,2
the,2
rocky,2
cliff,1
they,1
ran.,0
Together,1
they,1
plunged,1
into,1
a,1
mountain,1
"brook,",2
which,1
came,2
foaming,7
and,6
dashing,5
"along,",8
leaping,4
over,4
rocks,3
and,2
rushing,2
down,2
the,2
"hillside,",2
until,1
in,2
the,2
valley,2
below,1
they,1
heard,1
the,1
strangest,1
clattering,1
noise.,0
The,1
little,1
water,1
drops,1
were,1
then,1
able,1
to,1
make,2
out,1
a,1
flour,1
mill,1
that,1
was,1
standing,1
on,1
the,1
bank.,0
Inside,1
the,1
"mill,",2
the,2
water,2
drops,1
saw,1
two,1
great,1
"stones,",2
which,2
the,3
big,3
wheel,2
kept,1
whizzing,0
round,2
and,1
round.,0
The,1
"stones,",2
smoothed,1
by,2
the,2
"spinning,",2
were,1
busy,0
grinding,5
the,5
wheat,4
into,4
flour,3
and,2
the,2
corn,1
into,1
golden,1
meal.,0
But,1
what,2
giant,1
do,1
you,1
suppose,1
it,1
was,1
who,1
could,1
turn,3
and,2
swing,1
that,1
tremendous,1
wheel?,0
No,1
giant,1
at,1
all.,0
It,1
was,1
just,1
our,1
tiny,1
little,1
water,1
"drops,",2
who,1
sprang,4
on,4
it,3
by,3
hundreds,4
and,3
"thousands,",4
and,1
whirled,2
it,1
over,1
and,0
over.,0
It,1
was,1
lucky,2
for,2
the,2
water,2
drops,1
that,1
the,2
brook,2
where,2
they,2
were,2
swimming,2
next,1
emptied,1
into,1
a,1
beautiful,1
pond,1
where,1
ducks,3
and,2
geese,1
were,1
living,1
peacefully.,0
Aqua,1
liked,3
to,3
play,4
hide-and-seek,3
in,3
this,3
"pond,",4
and,1
it,1
was,1
his,1
brother,1
water,1
drop,1
who,1
he,1
fooled,1
by,1
swimming,5
to,5
a,5
big,5
pool,5
of,5
water,4
and,3
pretending,3
to,3
hide,3
"there,",4
but,1
then,1
sneaking,2
under,2
a,2
rock,1
into,1
an,1
obscured,1
little,1
puddle.,0
His,1
brother,1
had,1
blatantly,1
peeked,3
and,2
even,2
followed,3
Aqua,2
as,2
he,2
entered,2
the,2
big,2
pool,2
of,2
"water,",2
so,1
when,2
he,2
searched,4
there,3
and,2
could,2
not,2
find,2
"him,",2
he,1
was,1
extremely,1
surprised,2
and,1
gave,1
up.,0
Aqua,1
liked,6
this,6
pond,6
where,6
he,6
could,6
play,6
all,6
"day,",10
so,5
he,5
stayed,5
a,5
good,5
"while,",8
sailing,5
up,6
and,5
"down,",8
taking,7
the,8
ducks',15
backs,7
for,7
ships,6
and,5
the,5
frogs,5
for,5
"horses,",8
but,3
after,4
a,4
time,3
he,3
tired,3
of,3
the,3
dull,3
"life,",4
and,1
he,3
and,2
his,2
brothers,1
floated,3
under,3
a,3
bridge,2
for,2
a,2
long,2
"distance,",2
until,1
they,1
saw,1
another,1
brook,1
tumbling,1
down,1
a,1
hillside.,0
"'Come,",0
let's,2
join,1
hands!',0
cried,3
Aqua,2
and,1
because,2
the,3
water,3
drops,2
were,2
all,2
"together,",2
overcoming,2
the,2
brook,1
was,1
child's,3
play.,0
It,1
was,1
by,1
the,1
help,2
of,2
Aqua,3
and,2
his,2
brothers,1
that,1
the,2
bewitching,2
river,1
was,1
able,2
to,2
float,2
heavy,2
"ships,",2
though,1
not,2
so,2
long,2
ago,1
it,1
was,1
only,1
a,1
little,1
stream.,0
As,1
the,2
river,1
grew,4
wider,3
and,2
he,2
could,2
almost,2
see,2
the,2
"ocean,",2
Aqua,1
realized,0
his,1
journey,1
was,1
almost,1
over,2
and,1
he,1
had,1
come,1
full,1
circle.,0
Back,2
in,2
the,2
"ocean,",2
he,1
felt,1
right,1
at,0
home.,0
For,1
"him,",2
this,1
was,1
the,1
"safest,",2
sweetest,1
place,1
in,1
the,1
whole,1
wide,1
world.,0
During,1
the,1
warm,1
summer,1
"evenings,",2
if,2
you,2
take,2
a,2
walk,2
on,2
the,2
sea,2
"beach,",2
you,1
will,1
hear,3
the,3
gentle,3
rippling,3
swash,3
of,3
the,3
waves,2
and,1
some,1
say,1
that,1
it,1
must,1
be,1
the,1
gurgling,1
voices,1
of,1
Aqua,2
and,1
his,1
brother,1
water,0
drops,0
telling,2
each,2
other,1
about,1
their,1
wonderful,1
journey,1
around,1
the,1
world.,0
It,1
was,1
cold,5
and,4
nearly,4
dark,3
on,3
the,3
last,3
evening,3
of,3
the,3
old,3
"year,",4
and,1
the,2
snow,1
was,1
falling,1
fast,2
and,1
furious.,0
A,1
little,1
girl,2
no,3
one,2
sheltered,2
from,2
the,2
gelid,2
air,1
roamed,3
through,3
the,3
streets,2
with,2
a,2
bare,2
head,3
and,2
naked,2
"feet,",2
looking,2
as,2
poor,1
as,1
a,1
church,1
mouse.,0
It's,2
true,2
she,2
had,4
on,3
a,3
pair,3
of,3
slippers,2
her,3
mother,3
had,3
once,3
given,3
her,2
when,2
she,2
left,2
"home,",2
but,0
they,1
were,1
as,1
much,1
use,2
to,2
her,1
as,1
a,1
chocolate,1
teapot.,0
The,1
slippers,2
owned,2
by,2
her,2
mother,1
were,1
so,1
large,1
that,1
the,2
emaciated,2
little,2
creature,1
had,1
lost,2
them,1
while,1
running,1
across,1
the,1
street,1
to,1
avoid,1
two,1
carriages,1
that,1
were,1
rolling,2
along,1
at,1
a,1
terrible,1
rate.,0
One,2
of,2
the,2
slippers,1
she,1
could,1
not,1
"find,",4
and,1
a,1
boy,0
seized,2
upon,1
the,1
"other,",0
saying,1
that,1
he,1
could,1
use,2
it,1
as,1
a,1
home,1
for,1
his,1
little,1
pet,1
mouse.,0
So,2
with,2
her,2
naked,2
"feet,",4
which,2
were,2
quite,2
red,4
and,3
blue,2
with,2
the,2
"cold,",2
the,2
little,2
girl,1
went,2
"on,",2
wondering,1
how,1
she,1
would,1
get,1
through,1
this,1
dreadful,1
night.,0
She,1
approached,3
an,3
old,3
hovel,2
she,3
had,3
used,3
as,3
a,3
shelter,3
a,4
few,4
times,3
"before,",4
and,1
found,1
the,2
entrance,1
was,1
locked.,0
Tough,1
luck,1
for,1
the,1
girl!,0
This,1
day,1
was,1
even,1
worse,1
than,1
the,1
others.,0
No,1
Good,1
Samaritan,1
had,1
given,2
her,1
even,1
a,1
penny.,0
And,1
she,1
had,1
no,1
luck,0
selling,1
any,1
matches,1
that,1
she,1
carried,1
in,1
the,1
old,1
apron,1
her,2
grandmother,1
had,1
given,1
her.,0
Poor,1
little,1
"child,",0
she,1
looked,1
the,1
picture,1
of,1
misery.,0
On,1
her,1
"long,",2
fair,1
"hair,",4
which,2
hung,2
in,2
curls,2
on,2
her,2
"shoulders,",2
the,2
snowflakes,1
kept,3
"landing,",4
but,1
she,1
did,1
not,1
notice,2
them,1
as,1
she,1
shivered,1
along.,0
She,1
was,1
losing,3
strength,2
and,1
beginning,1
to,1
doubt,1
she,1
could,1
weather,1
this,1
storm.,0
It,1
was,1
New,1
"Year's,",7
and,1
the,2
girl,1
asked,2
herself,1
"why,",2
as,2
lights,2
shone,4
from,4
every,4
"window,",6
and,2
the,3
savory,3
smell,3
of,3
roast,3
goose,2
crept,3
out,2
on,2
the,2
"streets,",2
she,1
was,1
outside,1
all,1
alone.,0
"Exhausted,",2
she,1
finally,1
sat,2
down,1
in,1
a,1
corner,1
behind,1
the,1
little,1
bakery.,0
She,1
put,5
a,5
rag,5
she,5
had,5
found,4
over,4
her,4
legs,3
to,3
cover,3
"herself,",4
but,1
she,1
could,1
not,1
keep,2
off,1
the,1
cold.,0
The,1
"girl,",4
who,2
the,3
night,3
air,2
had,2
completely,2
"enveloped,",2
dared,3
not,2
go,2
"home,",2
for,1
she,1
had,1
sold,1
no,1
matches.,0
Her,1
father,1
had,1
been,1
mean,3
and,2
moody,1
ever,1
since,1
his,2
wife,1
had,1
gone,1
to,1
meet,1
her,1
Maker.,0
He,1
would,1
certainly,1
beat,3
"her,",4
as,2
he,2
has,2
done,2
several,1
times,2
in,2
the,2
weeks,2
"past,",2
because,1
she,1
had,1
not,1
earned,2
any,2
money,1
today.,0
"Besides,",2
it,1
was,1
almost,1
as,1
cold,2
at,2
home,1
as,2
"outside,",2
for,1
they,1
had,2
only,2
a,2
patchy,2
roof,1
to,1
cover,1
them.,0
The,1
girl's,3
little,1
hands,1
were,1
almost,1
frozen,2
solid,1
so,1
she,1
decided,1
that,1
a,2
burning,2
match,1
might,1
be,1
of,1
some,1
good.,0
'Scratch!',0
sounded,1
the,1
match,0
as,1
she,1
drew,2
it,1
out.,0
How,1
it,1
sputtered,1
as,1
it,1
burnt!,0
It,1
gave,1
a,1
"warm,",2
candle-like,1
bright,1
light,1
that,1
the,2
girl,1
hid,2
from,2
the,2
world,1
as,1
she,1
held,2
her,2
hand,1
over,1
it.,0
Why,1
had,1
no,2
one,1
wanted,1
to,1
buy,1
even,1
one,1
match?,0
A,1
wonderful,1
"light,",2
it,1
was,1
really.,0
It,1
seemed,2
to,2
the,2
girl,1
that,1
she,1
was,1
sitting,1
by,1
a,1
large,1
iron,1
"stove,",2
with,1
polished,1
brass,1
feet,2
and,1
a,1
brass,1
ornament.,0
How,1
the,2
fire,1
burned!,0
The,1
girl,1
was,1
pleased,2
and,1
the,2
fire,1
actually,1
seemed,2
so,2
warm,1
that,1
the,2
child,1
stretched,4
out,3
her,3
feet,2
as,2
if,2
to,2
warm,2
"them,",2
when,1
suddenly,1
the,2
flame,2
of,2
the,2
match,1
went,1
out.,0
It,1
was,1
a,1
"short,",2
stubby,1
match,1
that,1
the,2
little,2
girl,1
next,1
rubbed,1
on,1
the,1
wall.,0
It,1
burst,3
into,3
a,3
"flame,",4
and,1
lo,3
and,2
"behold,",2
the,2
girl,1
was,1
transported,2
from,2
her,2
dank,2
city,1
to,1
a,1
"beautiful,",2
sunny,1
forest.,0
She,1
heard,3
the,3
birds,3
chirping,2
and,1
she,1
was,1
surrounded,1
by,1
wildflowers,2
and,1
birches,1
as,1
white,1
as,1
snow.,0
A,1
little,1
squirrel,1
hid,4
some,4
food,3
in,3
the,3
ground,2
and,1
scurried,2
off,1
into,1
the,1
underbrush.,0
The,1
girl,1
was,1
"curious,",6
so,3
she,3
dug,5
some,5
squirrel,5
food,4
up,3
to,3
see,3
what,3
it,3
"was,",4
but,1
then,1
she,1
forgot,1
to,1
put,2
it,1
back.,0
The,1
squirrel,1
came,5
back,4
and,3
looked,3
in,3
its,3
hiding,3
"place,",4
but,1
the,2
food,1
was,2
nowhere,1
to,1
be,1
found.,0
Then,1
the,2
match,1
went,3
"out,",4
and,1
it,1
wasn't,2
the,1
forest,1
that,1
remained,1
before,1
her,1
eyes.,0
It,1
was,1
only,1
the,1
"thick,",2
"damp,",2
cold,1
wall.,0
The,1
girl,1
looked,4
despondently,3
into,3
the,3
sky,3
that,3
was,3
now,3
fully,3
darkened,2
and,1
suddenly,1
she,1
saw,1
a,2
star,1
"fall,",0
leaving,2
behind,2
it,1
a,1
bright,1
streak,1
of,1
fire.,0
'Someone,1
is,1
"dying,'",3
thought,1
the,1
little,1
girl.,0
It,1
was,1
her,1
old,1
"grandmother,",4
the,2
one,4
who,4
had,4
loved,4
her,4
the,4
"most,",6
and,2
the,2
one,2
who,2
the,3
girl,2
used,2
to,2
visit,2
every,2
"Sunday,",2
who,1
had,1
told,2
her,1
that,1
when,2
a,3
star,2
"falls,",2
a,2
soul,1
leaves,1
this,1
earth.,0
It,1
was,1
her,1
last,1
match,3
that,3
the,4
little,4
girl,3
now,3
rubbed,3
on,3
the,3
wall,2
and,1
the,2
light,1
again,1
shone,1
round,1
her.,0
Her,1
old,1
grandmother,1
in,2
the,2
brightness,1
"stood,",2
loving,1
in,1
her,1
appearance.,0
The,1
girl,1
understood,3
her,4
grandmother,3
would,3
soon,3
"disappear,",4
but,1
she,1
tried,1
to,1
play,1
for,1
time.,0
"'Grandmother,'",3
cried,1
the,2
little,2
"one,",2
'O,2
take,2
me,1
with,1
you!,0
I,1
know,1
you,1
will,1
go,2
away,1
when,1
the,2
match,1
burns,1
out!',0
The,1
girl,1
decided,2
to,2
light,2
the,2
whole,2
bundle,2
of,2
"matches,",2
in,2
order,1
to,1
keep,2
her,2
grandmother,1
there.,0
The,1
girl,1
saw,3
the,4
matches,3
glowed,3
with,3
a,3
light,3
that,3
was,3
brighter,3
than,3
the,3
"day,",4
and,1
her,2
grandmother,1
had,1
never,1
appeared,2
so,2
large,3
or,2
so,2
beautiful,1
as,1
she,1
did,1
in,1
the,1
light,1
of,1
the,1
little,1
matches.,0
The,1
grandmother,1
then,1
took,4
the,4
little,4
girl,3
in,3
her,3
"arms,",4
and,1
they,1
both,1
flew,5
upwards,4
in,4
brightness,5
and,4
joy,3
far,3
above,3
the,3
"earth,",4
where,3
there,3
was,3
neither,3
cold,4
nor,3
"hunger,",4
and,1
the,2
little,2
girl,1
felt,1
safe,2
and,1
peaceful.,0
In,1
the,1
dawn,2
of,2
the,2
morning,1
there,1
lay,1
the,1
poor,1
little,1
"one,",0
not,1
"frowning,",8
but,3
smiling,2
and,1
with,1
a,1
pale,1
face,0
leaning,1
against,1
the,1
"wall,",0
frozen,0
and,1
stone,1
dead.,0
'She,1
tried,2
to,2
warm,2
"herself,'",3
said,1
some.,0
Children,2
who,2
saw,2
her,1
were,1
asking,2
their,2
parents,1
why,1
no,2
one,1
helped,1
the,1
girl,1
who,1
they,1
knew,1
looked,1
dirt,1
poor,2
and,1
helpless.,0
Passersby,2
who,2
saw,1
her,2
sitting,2
motionless,1
wished,3
they,3
could,3
have,3
helped,3
the,3
"girl,",4
but,1
their,2
good,2
intentions,1
were,1
a,2
day,2
late,1
and,1
a,2
dollar,1
short.,0
Other,1
people,1
suspected,3
the,4
girl,3
had,3
fallen,5
asleep,4
and,3
"frozen,",4
but,1
no,2
one,1
imagined,3
what,4
beautiful,4
things,3
she,3
had,3
"seen,",4
nor,1
into,2
what,2
glory,1
she,1
had,1
entered,2
with,2
her,2
"grandmother,",2
on,1
New,2
Year's,3
day.,0
Once,2
upon,2
a,2
time,1
the,2
birds,1
took,3
it,2
into,2
their,2
heads,1
that,1
they,1
would,1
like,3
a,3
"master,",4
and,1
that,1
one,2
of,2
their,2
number,1
must,1
be,1
chosen,1
king.,0
A,1
meeting,2
of,2
all,2
the,2
birds,1
was,1
called,2
and,1
though,2
they,2
understood,2
the,3
birds,3
who,3
were,3
from,3
the,3
most,3
distant,3
lands,2
would,2
be,2
unable,2
to,2
"come,",2
many,2
birds,1
came,1
from,1
faraway,1
meadows,2
and,1
woods.,0
The,1
"eagle,",4
who,2
already,2
thought,2
himself,2
the,2
de,2
facto,2
"king,",2
arrived,1
fashionably,1
late.,0
It,1
was,1
a,1
hawk,1
who,1
was,1
most,1
excited,2
about,2
the,2
"meeting,",2
because,1
he,1
was,1
the,1
dark,1
horse,1
for,1
king.,0
The,1
small,1
fry,1
came,3
"too,",4
and,1
the,2
"robin,",14
the,7
"bluebird,",12
the,6
"owl,",10
the,5
"lark,",8
and,3
the,3
"sparrow,",4
who,2
had,3
only,2
a,2
chance,3
in,3
a,3
million,2
to,2
be,2
"king,",2
were,1
all,1
present,1
at,1
the,1
meeting.,0
The,1
"cuckoo,",4
who,2
was,2
almost,3
not,2
invited,2
because,2
his,3
call,2
so,2
annoyed,2
the,2
other,2
"birds,",2
came,1
too.,0
It,1
was,1
the,1
very,2
little,1
bird,2
who,2
had,4
no,4
name,3
at,3
"all,",4
"however,",2
that,1
would,1
end,2
up,1
overturning,2
the,2
balance,2
of,2
power,1
among,1
the,1
birds.,0
That,1
there,1
would,1
be,1
great,1
confusion,4
and,3
noise,2
among,2
the,2
birds,2
at,2
the,2
meeting,1
was,1
to,1
be,1
"expected,",2
given,1
the,1
sheer,1
numbers,1
of,1
birds,1
that,1
have,1
gathered.,0
There,1
was,3
"piping,",10
"hissing,",8
and,3
"clacking,",4
but,1
finally,1
it,1
was,1
decided,1
that,1
the,2
bird,2
that,2
could,2
fly,2
the,2
highest,1
should,1
be,1
king.,0
The,1
little,1
bird,1
lay,5
low,4
near,4
the,4
eagle,3
at,3
"first,",4
but,1
the,2
eagle,1
did,1
not,1
notice,0
the,1
bird,1
hopping,2
onto,2
his,2
back,1
right,1
as,1
the,2
competition,1
was,1
about,1
to,1
commence.,0
Into,1
the,1
air,1
in,2
a,2
great,2
flock,1
all,2
the,2
birds,1
flew,1
when,1
the,2
signal,1
was,1
given.,0
The,1
air,1
was,1
full,3
of,3
"dust,",4
and,1
it,1
seemed,1
as,2
if,1
a,2
black,2
cloud,1
were,1
floating,1
over,1
the,1
field.,0
You,1
could,1
hear,2
the,3
birds,2
chirping,3
and,2
flapping,1
from,1
fields,1
that,1
were,1
miles,1
away.,0
The,1
little,1
birds,2
that,2
soon,2
grew,2
tired,1
fell,2
back,2
quickly,1
to,1
earth.,0
The,1
fact,1
that,2
the,3
larger,3
ones,2
held,7
out,6
"longer,",10
and,4
flew,4
higher,5
and,4
"higher,",6
but,2
the,3
eagle,2
flew,2
highest,2
of,2
"any,",2
surprised,1
no,1
one.,0
Could,1
anyone,1
stop,1
the,1
eagle,1
that,1
seemed,1
to,1
be,1
flying,2
straight,1
into,1
the,1
sun?,0
The,1
other,1
birds,1
gave,4
out,3
one,3
by,3
one,2
and,1
when,2
the,3
eagle,2
saw,2
this,1
he,1
"thought,",2
'What,2
is,1
the,1
use,1
of,1
flying,1
any,1
higher?,0
This,1
victory,1
is,1
in,1
the,1
bag,2
and,1
I,1
am,1
king!',0
Then,1
the,2
birds,1
below,1
called,2
with,2
one,2
"accord,",2
'Come,4
"back,",3
come,1
back!,0
It,1
is,1
you,1
who,1
must,1
be,1
our,1
king,0
because,1
no,2
one,1
can,1
fly,2
as,2
high,1
as,1
you.',0
'Except,1
me!',0
cried,3
a,3
"shrill,",6
shrill,3
"voice,",4
and,1
out,2
of,2
the,2
blue,1
the,2
little,2
bird,2
without,2
a,2
name,1
rose,1
from,1
the,2
eagle's,3
"back,",2
where,1
he,1
had,1
lain,0
hidden,1
in,1
the,1
feathers.,0
His,1
guile,1
was,1
the,1
ace,3
up,3
his,3
"sleeve,",4
and,1
he,1
laughed,2
to,2
himself,1
at,1
how,2
easy,1
it,1
had,1
been,1
to,1
outwit,1
the,1
other,1
birds.,0
Higher,3
and,2
higher,1
he,1
"mounted,",6
until,3
he,3
was,3
lost,3
to,3
"sight,",4
and,1
then,1
folding,1
his,2
wings,1
"together,",2
he,1
sank,2
to,2
earth,1
crying,3
"shrilly,",4
'I,5
am,3
"king,",3
I,1
am,1
king!',0
The,1
eagle,2
tricked,2
by,2
the,2
little,2
bird,1
had,1
not,1
sensed,3
the,3
bird,3
in,3
his,3
feathers,2
and,1
so,1
had,1
not,1
at,2
all,1
expected,2
the,2
bird,1
to,1
come,1
flying,2
out,1
like,1
that.,0
The,1
birds,1
back,2
on,2
earth,1
were,1
all,1
up,1
in,1
arms.,0
"'You,",4
and,1
not,1
the,1
"eagle,",0
our,1
king?',0
the,1
birds,1
"cried,",2
fuming,1
with,1
anger.,0
'You,1
have,1
done,3
this,2
by,2
breaking,2
every,2
rule,2
in,2
the,2
"book,",2
so,1
we,1
will,1
not,1
have,2
"you,",4
who,2
are,2
simply,2
tricky,3
and,2
"cunning,",2
to,1
reign,1
over,1
us.',0
The,1
bird,2
without,2
a,2
name,1
then,1
decided,3
to,3
clear,3
the,3
air,2
and,1
"said,",2
'Then,2
let,1
everyone,1
start,3
with,3
a,3
clean,3
slate,2
and,1
perform,1
a,1
new,1
challenging,1
task.,0
Then,1
we,1
can,1
decide,1
who,1
should,1
be,1
the,1
real,1
king.',0
Then,1
the,2
birds,1
gathered,4
together,3
again,2
and,1
decided,1
the,2
case,1
would,1
be,1
resolved,1
by,1
making,1
a,1
new,1
"condition,",2
which,1
was,1
that,1
he,1
should,1
be,1
king,0
who,1
could,1
go,2
the,2
deepest,1
into,1
the,1
earth.,0
So,0
the,1
little,1
bird,2
who,2
the,3
other,3
birds,2
despised,1
was,1
now,2
back,1
to,1
square,1
one.,0
"Confident,",2
he,1
"remained,",4
"however,",2
that,1
if,2
he,2
played,3
his,3
cards,2
"right,",2
he,1
could,1
be,1
king.,0
How,1
the,2
goose,1
wallowed,3
in,3
the,3
"sand,",4
and,1
the,2
duck,1
strove,1
to,1
dig,1
a,1
hole,1
for,1
the,1
new,1
task!,0
All,1
the,1
other,1
birds,1
tried,1
to,1
hide,4
themselves,3
in,3
the,3
"ground,",4
"too,",2
until,1
they,1
were,1
practically,1
blue,1
in,1
the,1
face.,0
The,1
nameless,1
little,1
bird,2
that,2
was,2
as,2
bold,2
as,2
brass,1
found,3
a,3
pitch,4
dark,3
mouse's,7
"hole,",4
and,1
creeping,1
in,0
"cried,",2
'I,2
am,1
"king,",3
I,1
am,1
king!',0
but,1
it,1
was,1
of,1
no,1
avail.,0
"'You,",0
our,1
king?',0
all,1
the,1
remaining,1
birds,2
who,2
the,3
littlest,3
bird,2
had,2
outwitted,1
cried,2
"again,",2
even,1
more,2
angrily,1
than,1
before.,0
'Do,1
you,1
think,1
we,1
would,1
reward,2
your,2
cunning,1
in,1
this,1
way?,0
"No,",2
no!,0
You,1
shall,1
stay,2
in,2
the,2
earth,1
till,1
you,1
die,1
of,1
hunger!',0
So,0
they,1
shut,4
up,3
the,3
little,3
bird,3
in,3
the,4
mouse's,7
hole,3
that,4
the,5
mouse,4
gave,4
up,3
most,3
"unwillingly,",4
and,1
bade,1
the,2
owl,1
watch,3
him,2
carefully,1
night,2
and,1
day.,0
Then,1
all,2
the,2
birds,1
went,5
home,4
to,4
"bed,",6
for,3
they,3
were,3
very,3
"tired,",4
but,1
the,2
owl,2
assigned,3
by,3
the,3
birds,2
to,2
stand,2
guard,1
found,1
his,2
job,1
was,1
lonely,3
and,2
wearisome,1
because,1
he,1
was,1
just,1
sitting,1
alone,0
staring,1
at,1
the,2
mouse's,3
hole.,0
'I,1
can,1
close,4
one,4
eye,3
and,2
watch,2
with,2
the,2
"other,'",3
he,1
thought.,0
So,1
he,1
closed,5
one,5
eye,4
and,3
stared,4
steadfastly,3
with,3
the,3
"other,",4
but,1
before,2
he,2
knew,2
it,1
he,1
forgot,3
to,3
keep,4
that,4
one,3
"open,",4
and,1
both,2
eyes,1
were,1
fast,1
asleep.,0
Then,1
the,2
little,2
bird,2
guarded,2
by,2
the,2
owl,1
peeped,3
"out,",4
and,1
when,2
he,2
saw,2
the,3
owl's,7
two,3
eyes,2
tight,2
"shut,",2
he,1
slipped,3
from,3
the,3
hole,2
and,1
flew,1
away.,0
He,1
wanted,3
to,3
"shout,",8
'I,8
am,4
king',6
so,4
that,3
the,4
owl,3
could,3
hear,4
him,3
as,3
he,3
"flew,",4
but,1
thought,1
better,1
of,1
it.,0
From,1
this,1
time,1
"on,",2
the,2
owl,2
fooled,2
by,2
the,2
little,2
bird,1
has,1
not,1
dared,1
to,1
show,3
himself,2
by,2
day,1
for,1
fear,1
the,2
birds,1
should,1
beat,1
the,1
living,1
daylights,1
out,1
of,1
him.,0
He,1
flies,2
about,1
only,1
at,1
"nighttime,",0
hating,3
and,2
pursuing,1
not,1
the,1
"bird,",4
but,1
the,1
mouse,1
for,1
having,1
made,1
the,1
hole,1
into,2
which,1
the,2
little,2
bird,1
crept.,0
And,1
the,2
little,2
bird,1
also,1
keeps,3
out,2
of,2
"sight,",2
for,1
he,1
fears,1
that,1
the,2
other,2
birds,1
should,1
punish,2
him,1
for,1
his,1
cunning.,0
The,1
rejection,2
by,2
the,2
other,2
birds,1
was,1
a,1
bitter,1
pill,1
to,1
swallow,1
for,1
the,1
nameless,1
bird,1
the,2
owl,1
had,1
let,1
slip,1
away.,0
He,1
hides,3
in,3
the,3
"hedges,",4
and,1
when,2
he,2
thinks,2
himself,2
quite,2
"safe,",2
he,1
sings,4
"out,",6
'I,6
am,3
"king,",3
I,1
am,1
king!',0
And,1
the,2
other,2
birds,1
in,2
mockery,1
call,1
"out,",0
"'Yes,",4
"yes,",2
the,1
"hedge-king,",2
the,1
hedge-king!',0
At,1
ten,2
years,1
"old,",2
I,1
could,1
not,1
figure,2
out,1
what,1
it,1
was,2
that,2
this,3
Elvis,3
Presley,3
guy,2
had,1
that,1
the,2
rest,2
of,2
us,2
boys,1
did,1
not,1
have.,0
He,1
seemed,1
to,1
be,1
no,1
different,1
from,1
the,1
rest,1
of,1
us.,0
He,1
was,1
simply,1
a,1
man,1
who,1
had,1
a,1
"head,",6
two,3
arms,2
and,1
two,1
legs.,0
It,1
must,1
have,1
been,1
something,2
pretty,2
superlative,1
that,1
he,1
had,1
hidden,1
"away,",0
because,1
he,1
had,1
every,1
young,1
girl,2
at,2
the,2
orphanage,1
wrapped,1
around,1
his,1
little,1
finger.,0
At,1
about,1
nine,2
o'clock,1
on,2
Saturday,2
"morning,",2
I,1
figured,1
a,2
good,2
solution,1
was,1
to,1
ask,2
Eugene,2
"Correthers,",4
who,2
was,2
one,2
of,2
the,2
older,4
and,3
smarter,2
"boys,",2
what,1
it,1
was,1
that,1
made,1
this,2
Elvis,2
guy,1
so,1
special.,0
He,1
told,2
me,1
that,1
it,1
was,1
not,1
anything,3
about,3
Elvis's,7
"personality,",4
but,1
his,1
wavy,1
"hair,",4
and,1
the,1
way,1
he,1
moved,1
his,1
body.,0
About,1
a,1
half,1
an,2
hour,1
"later,",2
the,2
boys,3
in,3
the,3
orphanage,2
called,4
down,3
to,3
the,3
main,3
dining,3
room,2
by,2
the,2
matron,1
were,1
told,1
that,1
they,1
were,1
all,1
going,2
to,2
downtown,2
"Jacksonville,",4
Florida,1
to,1
get,3
a,3
new,3
pair,3
of,3
Buster,3
Brown,3
shoes,2
and,1
a,1
haircut.,0
That,1
is,1
when,1
I,1
got,1
this,1
big,1
"idea,",2
which,1
hit,2
me,1
like,1
a,1
ton,1
of,1
bricks.,0
If,1
the,2
Elvis,2
haircut,1
was,1
the,1
big,1
"secret,",2
then,1
Elvis's,5
haircut,1
I,1
was,1
going,1
to,1
get.,0
I,1
was,1
going,3
to,3
have,3
my,3
day,3
in,3
the,3
"sun,",4
and,1
all,2
the,2
way,2
to,2
town,1
that,1
was,1
all,1
I,1
talked,1
about.,0
The,1
fact,2
that,3
I,3
was,3
getting,3
an,3
Elvis,3
"haircut,",4
not,3
just,2
the,2
simple,2
fact,1
that,2
we,2
were,2
getting,2
out,2
of,2
the,2
"orphanage,",2
made,1
me,1
particularly,1
loquacious.,0
I,1
told,2
"everybody,",4
including,2
the,2
orphanage,2
matron,2
I,2
normally,2
"feared,",2
that,1
I,1
was,1
going,5
to,5
look,6
just,5
like,5
Elvis,5
Presley,4
and,3
that,3
I,3
would,3
learn,3
to,3
move,5
around,4
just,3
like,3
he,3
did,2
and,1
that,1
I,1
would,1
be,1
rich,5
and,4
famous,3
one,3
"day,",4
just,1
like,1
him.,0
The,1
matron,1
understood,3
my,4
idea,3
was,3
something,3
that,3
I,3
was,3
really,3
excited,2
about,2
and,1
said,1
nothing.,0
When,1
I,1
got,2
my,2
new,2
Buster,2
Brown,2
"shoes,",2
I,1
was,1
smiling,2
from,2
ear,1
to,1
ear.,0
Those,1
"shoes,",0
they,1
shined,3
really,3
"brightly,",4
and,1
I,1
liked,1
looking,1
at,1
the,1
bones,2
in,2
my,2
"feet,",2
which,1
I,1
had,1
never,1
seen,2
"before,",2
through,1
a,1
special,1
x-ray,1
machine,2
they,2
had,2
in,2
the,2
shoe,2
store,1
that,1
made,1
the,2
bones,2
in,2
your,2
feet,1
look,1
green.,0
I,1
was,1
now,1
almost,1
ready,2
to,2
go,5
back,4
to,4
the,4
orphanage,3
and,2
practice,2
being,2
like,2
the,2
man,2
who,2
all,3
the,3
girls,2
"loved,",2
since,1
I,1
had,1
my,1
new,1
Buster,1
Brown,1
shoes.,0
It,1
was,1
the,1
new,1
"haircut,",4
"though,",2
that,1
I,1
needed,0
to,1
complete,1
my,1
new,1
look.,0
We,1
finally,1
arrived,1
at,1
the,1
"unassuming,",2
unembellished,1
"barbershop,",2
where,1
they,1
cut,3
our,3
hair,2
for,2
free,1
because,1
we,1
were,1
orphans.,0
Even,1
though,1
we,1
were,1
supposed,2
to,2
slowly,2
wait,2
to,2
be,2
"called,",2
I,1
ran,4
straight,3
up,3
to,3
one,3
of,3
the,3
barber,3
chairs,2
and,1
climbed,2
up,1
onto,1
the,1
board,0
the,1
barber,1
placed,2
across,2
the,2
arms,1
to,1
make,1
me,1
sit,1
up,1
higher.,0
I,1
looked,3
at,3
the,3
man,2
and,1
"said,",4
with,2
a,2
beaming,2
smile,2
on,2
my,2
"face,",2
'I,2
want,1
an,1
Elvis,1
haircut.,0
Can,1
you,1
make,2
my,2
hair,1
like,1
Elvis's?',1
I,1
asked.,0
The,1
"barber,",4
who,2
was,2
a,2
genial,3
young,2
"man,",2
grinned,4
back,3
at,3
me,2
and,1
said,1
that,1
he,1
would,1
try,1
his,1
best.,0
I,1
was,1
so,1
happy,3
when,3
he,3
started,3
to,3
cut,3
my,3
"hair,",4
but,1
just,2
as,2
he,2
started,2
to,2
"cut,",2
the,2
"matron,",4
who,2
had,2
been,2
watching,4
me,3
and,2
had,2
a,2
look,3
as,3
cold,2
as,2
"ice,",2
motioned,1
for,1
him,1
to,1
come,2
over,1
to,1
where,1
she,1
was,1
standing.,0
She,1
whispered,1
something,2
into,2
his,2
ear,1
that,1
caused,2
the,2
barber,1
to,1
shake,2
his,2
"head,",2
like,1
he,1
was,1
telling,1
"her,",0
'No'.,0
In,1
"response,",2
the,2
matron,1
walked,4
over,3
to,3
a,3
little,3
man,2
sitting,3
in,3
an,3
office,3
chair,3
that,3
squeaked,3
as,3
it,3
rolled,3
around,3
the,3
floor,2
and,1
spoke,1
to,1
him.,0
It,1
was,1
the,1
little,1
man,1
who,1
then,1
walked,3
over,2
and,1
said,2
something,1
to,1
the,1
man,1
who,1
was,1
cutting,1
my,1
hair.,0
The,1
next,1
thing,1
I,1
"knew,",0
the,1
man,2
who,2
was,2
cutting,2
my,2
hair,1
told,2
me,1
that,1
he,1
was,1
no,2
longer,1
allowed,1
to,1
give,2
me,1
an,1
Elvis,1
cut.,0
'Why,1
not?',0
I,1
cried,1
desperately.,0
The,1
kindly,1
barber,2
stopped,2
by,2
the,2
matron,1
did,1
not,1
"answer,",4
but,1
from,2
his,2
"expression,",2
I,1
could,1
tell,1
that,1
he,1
wished,1
he,1
could,1
cut,2
it,1
as,1
I,1
had,1
asked.,0
Within,1
a,1
few,1
"minutes,",2
it,1
wasn't,2
an,1
Elvis,1
"haircut,",6
but,2
a,2
short,2
buzz,2
cut,1
that,1
the,2
barber,1
had,1
given,1
me.,0
When,1
he,1
finished,4
shaving,5
off,4
all,4
my,4
hair,3
and,2
made,2
me,2
smell,3
real,3
good,2
with,2
his,2
"powder,",2
the,2
barber,1
handed,4
me,3
a,3
nickel,2
and,1
told,2
me,1
to,1
go,3
outside,3
to,3
the,3
snack,3
machine,2
and,1
buy,2
myself,1
a,1
candy,1
bar.,0
I,1
handed,5
him,4
the,4
nickel,3
back,2
and,1
told,2
him,1
that,1
I,1
was,1
not,1
hungry.,0
'I'm,2
so,1
"sorry,",0
"baby,'",0
he,1
"said,",2
as,1
I,1
climbed,1
out,1
of,1
his,1
barber,1
chair.,0
'I,1
am,1
not,1
a,1
"baby,'",3
I,1
"said,",2
as,1
I,1
wiped,2
the,2
tears,1
from,1
my,1
eyes.,0
I,1
then,1
sat,4
down,3
on,3
the,3
floor,2
and,1
brushed,2
away,1
the,1
hair,1
that,1
had,1
accumulated,1
on,1
my,1
shiny,1
new,1
Buster,1
Brown,1
shoes.,0
My,1
head,1
was,1
no,2
longer,1
in,1
the,1
"clouds,",4
and,1
I,1
got,5
up,4
off,4
the,4
"floor,",6
brushed,4
off,3
my,3
short,3
"pants,",4
and,1
walked,2
sullenly,1
towards,1
the,1
door.,0
The,1
matron,1
was,1
smiling,2
at,2
me,1
sort,2
of,1
funny,1
like.,0
The,1
barber,2
upset,2
by,2
the,2
matron,1
said,2
to,2
"her,",2
'You,2
are,1
just,1
a,1
damn,1
"bitch,",0
lady.',0
She,1
yelled,4
back,3
at,3
him,2
at,2
the,2
top,2
of,2
her,2
"lungs,",2
before,1
walking,2
toward,2
the,2
"office,",2
as,1
fast,1
as,1
she,1
could.,0
To,1
show,2
his,2
"anger,",2
the,2
man,1
hit,4
the,4
wall,3
with,3
his,3
hand,2
and,1
then,1
walked,1
outside,1
where,1
he,1
stood,2
against,2
the,2
brick,2
"wall,",2
smoking,1
a,1
cigarette.,0
I,1
understood,4
right,4
there,3
my,4
haircut,3
was,3
something,3
that,3
had,3
been,3
out,3
of,3
the,3
power,3
of,3
the,3
barber,2
and,1
then,1
I,1
slowly,1
walked,2
outside,1
to,1
join,1
the,1
man.,0
He,1
looked,4
"down,",5
smiled,2
at,2
"me,",2
then,1
he,1
patted,2
me,1
on,1
the,1
top,1
of,1
my,1
bald,2
as,2
a,2
coot,1
head.,0
It,1
was,1
a,1
fact,2
of,2
my,2
life,1
that,1
I,1
was,1
not,1
gonna,2
have,2
hair,2
that,2
was,2
anything,2
like,2
Elvis's,3
anytime,1
soon.,0
I,1
then,1
looked,5
up,4
at,4
the,4
barber,3
with,3
my,3
wet,3
red,3
eyes,2
and,1
"asked,",0
'Do,1
you,1
know,1
if,1
Elvis,2
Presley,1
has,1
green,1
bones?',0
This,1
is,1
a,1
story,1
of,1
how,1
Mr.,2
Sticky,1
got,1
in,1
Abby's,3
fish,1
tank.,0
'He's,2
very,1
"small,'",3
Abby's,5
mom,1
said,1
as,1
she,1
peered,1
at,1
the,1
tiny,1
water,1
snail.,0
Abby,1
said,3
that,3
he,3
would,3
grow,2
and,1
then,1
pulled,4
her,4
pajama,4
bottoms,3
up,3
again,2
before,2
she,2
got,2
into,2
"bed,",2
for,1
they,1
were,1
always,1
falling,1
down.,0
"Usually,",2
Abby's,5
mom,1
got,4
up,3
at,3
the,3
crack,3
of,3
"dawn,",4
but,1
it,1
was,1
Abby,1
who,1
jumped,6
out,5
of,5
bed,4
first,3
the,3
next,3
morning,2
and,1
switched,2
on,1
the,1
light,1
in,1
her,1
fish,1
"tank,",2
which,1
contained,1
three,1
fish.,0
At,1
"first,",2
she,1
could,1
see,3
neither,3
hide,5
nor,4
hair,3
of,3
the,3
"snail,",4
but,1
then,1
she,1
spotted,1
him.,0
It,1
had,1
taken,4
Abby,3
a,3
while,2
to,2
find,2
Sticky,1
because,1
he,1
was,1
clinging,2
to,2
the,2
glass,2
near,2
the,2
"bottom,",2
right,1
next,1
to,1
the,1
gravel.,0
At,1
school,1
that,2
"day,",2
"Abby,",4
encouraged,2
by,2
her,2
"teacher,",2
wrote,2
excitedly,1
about,1
the,1
small,3
and,2
mysterious,1
Mr.,1
"Sticky,",2
who,1
you,1
could,1
mistake,1
for,1
a,1
piece,1
of,1
gravel.,0
He,1
seemed,3
an,3
ideal,3
pet,2
for,2
"her,",2
some,2
of,2
the,2
girls,2
in,2
her,2
class,1
"teased,",2
because,1
Abby,1
was,1
also,1
very,1
small.,0
That,1
"evening,",0
Abby,1
turned,4
on,3
the,3
light,2
and,1
found,1
Mr.,2
Sticky,1
clinging,3
to,3
the,3
pond,3
weed,2
and,1
bobbing,2
about,1
in,1
the,1
air,1
bubbles.,0
'That,1
looks,1
fun!',0
Abby,1
exclaimed.,0
She,1
tried,3
to,3
imagine,3
what,4
it,4
must,4
be,4
like,3
to,3
have,3
to,3
hang,5
on,4
to,4
things,3
all,3
day,2
and,1
decided,1
the,2
answer,1
was,1
that,1
it,1
was,1
probably,1
very,1
tiring.,0
Abby,1
told,4
her,4
mom,3
that,3
she,3
thought,3
Sticky,3
had,3
grown,3
a,3
bit,2
the,2
next,2
day,1
at,1
breakfast.,0
'Just,1
as,1
well,1
if,1
he's,2
going,2
to,2
be,2
gobbled,3
up,2
like,2
"that,'",3
her,2
mom,1
responded,0
who,1
was,1
busy,0
preparing,1
breakfast.,0
Abby,1
whined,1
that,1
she,1
didn't,2
want,4
him,3
to,3
get,3
too,3
big,2
or,1
he,1
wouldn't,2
be,1
cute,1
anymore.,0
'Small,1
"things,",4
not,2
big,2
"things,",2
are,1
"cute,",2
right?',0
she,1
"asked,",2
half,1
to,1
herself.,0
The,1
next,1
day,0
in,1
art,1
"class,",2
Abby,1
needed,4
two,4
pieces,5
of,5
paper,4
that,4
were,4
very,4
"expensive,",6
to,3
draw,3
an,3
"elephant,",4
but,1
the,2
teacher,1
didn't,2
mind,1
Abby,2
using,2
the,2
expensive,2
paper,1
because,1
she,1
was,1
pleased,3
with,3
the,3
drawing,2
and,1
wanted,2
it,1
on,1
the,1
wall.,0
The,1
"teacher,",4
who,2
was,2
always,2
very,2
"encouraging,",2
remarked,4
that,4
the,5
drawing,5
Abby,5
had,5
made,4
was,4
very,4
creative,3
and,2
beamed,2
at,2
"Abby,",2
giving,2
her,1
the,1
seal,1
of,1
approval.,0
Back,2
at,2
"home,",2
"Mom,",4
convinced,3
by,3
Abby,2
to,2
clean,3
out,2
the,2
"tank,",2
was,1
cleaning,1
with,1
a,1
special,1
"vacuum,",4
or,1
'hoover'.,1
'Where's,2
Mr.,1
Sticky?',0
Abby,1
asked,2
first,2
thing,1
when,1
she,1
came,2
home,1
from,1
school.,0
'On,1
the,1
"side,'",0
Mom,1
replied.,0
And,1
then,1
she,1
"added,",2
'Don't,3
worry.,0
I,1
went,2
extra,2
slowly,1
since,1
it's,2
better,1
to,1
be,1
safe,1
than,1
sorry.',0
Abby,1
looked,3
on,3
all,3
sides,3
of,3
the,3
"tank,",4
but,1
there,1
was,1
no,1
sign,1
of,1
the,1
water,1
snail,1
that,1
she,1
had,1
discovered,1
a,1
couple,2
of,2
days,1
ago.,0
She,1
was,1
very,1
sad.,0
Her,1
mom,1
said,1
to,1
wait,3
a,3
few,3
hours,2
until,2
the,3
water,2
clears,1
to,1
take,1
another,1
careful,1
look.,0
That,1
"evening,",0
Abby,1
went,3
up,2
to,2
her,2
bedroom,1
to,1
check,2
the,2
tank,1
again.,0
The,1
water,1
had,1
settled,4
and,3
looked,3
"clear,",4
but,1
Abby,1
could,1
not,1
see,1
Mr.,1
Sticky.,0
Abby,1
kneeled,4
down,3
to,3
have,3
another,3
look,3
in,3
the,3
tank,3
that,3
her,4
mom,3
had,3
cleared,3
so,3
"thoroughly,",4
but,1
Mr.,2
Sticky,1
was,1
still,1
nowhere,1
to,1
be,1
found.,0
Abby,1
was,1
a,1
bundle,2
of,2
nerves,1
as,1
she,1
descended,1
the,1
stairs.,0
In,1
the,1
"study,",2
surrounded,2
by,2
books,3
and,2
"papers,",2
her,2
mom,1
was,1
working,2
and,1
she,1
looked,1
impatient,3
when,3
she,3
saw,3
Abby,3
in,3
the,3
doorway,2
and,1
even,1
more,1
worried,1
when,1
she,1
heard,1
the,1
bad,1
news.,0
'He'll,2
turn,2
"up,'",3
Mom,1
"said,",4
and,1
that,1
was,1
that.,0
"Then,",2
to,2
add,3
fuel,2
to,2
the,2
"flames,",2
she,1
raised,3
her,3
tone,3
of,3
voice,2
and,1
said,3
"dismissively,",4
'For,5
the,3
time,3
"being,",4
go,2
to,2
"bed,",2
Abby.,2
I've,2
got,2
masses,2
of,2
work,1
to,1
catch,2
up,1
on.',0
Abby,1
had,3
a,3
quick,3
temper,2
and,1
she,1
was,1
angry,1
as,1
hell.,0
'You've,2
hoovered,3
him,2
"up,",2
haven't,1
you?',0
she,1
said,1
accusingly.,0
Abby's,3
mom,1
denied,3
Abby's,9
version,4
of,4
the,4
story,3
was,3
true,2
and,1
said,1
that,1
she,1
was,1
"careful,",4
but,1
because,2
Mr.,3
Sticky,2
was,2
so,2
small,1
he,1
was,1
hard,1
to,1
see.,0
'What's,2
wrong,1
with,1
being,1
small?',0
'Nothing,1
at,1
"all,",0
but,1
it,1
makes,1
things,1
hard,1
to,1
find.',0
'Or,1
"notice,'",0
Abby,1
"said,",2
suddenly,1
feeling,4
like,4
the,4
"small,",8
overlooked,3
Mr.,4
Sticky,3
herself,2
and,1
storming,1
from,1
the,1
room.,0
The,1
door,2
to,2
the,2
bedroom,1
opened,4
a,4
few,4
minutes,3
later,2
and,1
Mom's,5
face,1
appeared.,0
She,1
was,2
there,1
to,1
try,1
to,1
make,2
up,1
for,1
having,1
been,1
insensitive,1
earlier.,0
She,1
had,1
put,4
her,4
work,3
on,3
the,3
back,3
burner,2
and,1
occupied,2
herself,1
with,1
Sticky.,0
"Abby,",4
who,2
was,2
breathing,3
fire,2
all,2
on,2
account,2
of,2
the,2
little,2
"snail,",2
tried,3
to,3
ignore,3
"her,",4
but,1
it,1
was,1
hard,1
when,1
Mom,1
walked,4
over,3
to,3
the,3
bed,2
and,1
sat,2
next,1
to,1
her.,0
"Mom,",4
who,2
Abby,2
still,1
strained,2
to,2
remain,2
upset,2
"with,",2
had,1
gone,2
out,1
to,1
find,2
her,2
glasses,1
in,2
order,1
to,1
search,2
for,2
Sticky,1
more,1
effectively.,0
'This,1
is,1
my,1
new,1
and,2
extra,2
powerful,1
pair,2
I,2
have,3
for,3
important,3
occasions,2
like,2
snail,2
"hunting,'",3
she,1
said.,0
She,1
smiled,4
at,4
"Abby,",6
trying,3
to,3
butter,4
her,3
"up,",4
but,1
Abby,1
didn't,2
smile,1
back.,0
Abby,1
believed,3
her,4
mom's,9
idea,3
would,3
not,3
"succeed,",4
but,1
then,1
she,1
had,1
an,1
idea,1
of,1
her,1
own.,0
'I've,2
got,2
a,2
magnifying,2
"glass,'",3
Abby,1
suddenly,1
remembered,2
and,1
rushed,2
off,1
to,1
find,1
it.,0
On,1
the,1
floor,1
beside,2
each,2
other,1
they,1
"sat,",2
shuffling,4
around,4
the,4
"tank,",6
looking,3
all,3
over,3
the,3
place,2
and,1
peering,1
into,1
the,1
corners,1
among,1
the,1
big,1
pebbles,2
and,1
the,1
pond,1
weed.,0
Abby,1
tried,1
to,1
"imagine,",2
if,2
she,2
were,2
"Sticky,",4
a,2
little,2
water,2
"snail,",2
where,1
would,1
she,1
hide,1
out?,0
At,1
one,1
point,1
she,1
thought,3
she,3
saw,3
"him,",4
but,1
it,1
wasn't,2
the,1
water,1
snail.,0
It,1
was,1
a,1
large,1
speck,2
of,2
dust,1
that,1
was,1
deceptively,1
bobbing,3
around,2
in,2
the,2
water,1
like,1
a,1
live,1
animal.,0
They,1
were,1
ready,2
to,2
call,3
it,2
"quits,",2
when,1
suddenly,1
Mom,1
"cried,",2
'Ah,1
ha!',0
Tucked,2
in,2
a,2
curve,2
of,2
the,2
"archway,",2
perfectly,2
hidden,2
against,2
a,2
pitch,2
dark,2
"stone,",2
sat,1
Mr.,1
"Sticky,",2
safe,2
and,1
sound.,0
"'You,",2
I,1
can,1
always,1
count,2
"on,'",3
Abby,1
said,2
to,2
her,2
"mom,",2
with,1
relief.,0
Then,1
she,1
noticed,3
another,4
water,4
snail,3
was,3
right,3
next,3
to,3
Sticky,2
and,1
asked,1
where,1
this,2
new,2
addition,2
to,2
the,2
family,1
could,1
have,1
come,1
from.,0
'I'm,2
beginning,3
to,3
suspect,3
the,4
pond,4
weed,3
is,3
"guilty,",4
don't,5
you,1
think?',3
replied,1
Mom.,0
They,1
both,1
laughed,4
and,3
climbed,4
into,4
Abby's,9
bed,3
together,2
"and,",2
though,2
it,2
was,2
"cozy,",2
it,1
was,1
a,1
bit,1
of,1
a,1
squeeze.,0
'Budge,2
"up,'",3
Mom,1
"said,",2
giving,2
Abby,1
a,1
push,1
with,1
her,1
bottom.,0
'I,1
can't,3
because,1
I'm,2
already,1
on,1
the,1
edge.',0
'Good,1
"heavens,",2
you've,2
grown,1
then.,0
When,1
did,1
that,1
happen?,0
You,1
could've,2
put,3
an,3
elephant,2
in,2
here,1
last,1
time,1
we,1
did,1
this.,0
Before,1
I,1
know,2
"it,",2
you'll,2
be,1
all,1
grown,1
up.',0
On,1
her,2
mom's,3
chest,1
Abby,1
then,1
put,3
her,3
head,2
and,1
smiled.,0
The,1
text,1
message,1
said,1
that,1
Lucy,2
Josephs,1
was,1
a,1
failure.,0
It,1
said,1
she,1
was,1
"ugly,",7
had,3
no,3
style,2
and,1
the,2
world,1
hated,1
her.,0
At,2
least,1
that,1
was,1
what,1
it,1
said,1
to,1
Lucy.,0
It,1
said,1
that,2
and,1
a,1
whole,1
lot,1
more,1
that,2
she,2
was,2
struggling,1
to,1
understand.,0
The,1
actual,1
text,2
of,2
the,2
note,1
said,1
that,1
Lucy,1
better,2
not,1
show,4
up,3
at,3
the,3
party,2
"tonight,",2
because,1
it,1
was,1
going,1
to,1
be,1
bad,2
enough,1
already!,0
"Lucy,",4
who,2
had,2
started,2
receiving,3
these,3
messages,2
a,3
few,3
weeks,2
"ago,",2
tapped,2
the,2
mobile,2
screen,1
to,1
make,1
the,2
message,1
disappear,1
from,1
view.,0
She,1
only,1
wished,1
it,1
was,1
as,1
easy,1
to,1
tap,3
her,3
heart,2
and,1
erase,1
the,1
trace,1
the,2
message,1
had,1
left,1
there.,0
'Was,1
that,0
another,1
one,1
of,1
those,1
messages?',0
her,1
mom,1
"asked,",0
who,1
was,1
driving,1
the,1
car.,0
Lucy,1
confirmed,2
her,3
mother's,7
suspicion,2
was,2
founded,1
as,1
she,1
answered,2
"dejectedly,",2
'I'm,3
sorry,1
to,1
say,1
it,1
was.',0
'Haven't,2
you,1
reported,2
it,1
yet?',0
asked,1
"Jill,",4
Lucy's,5
older,2
sister,1
who,1
was,1
sitting,1
in,1
the,1
passenger,1
seat.,0
"'Yes,'",0
Lucy,1
"replied,",2
lying,1
through,1
her,1
teeth.,0
That,1
Lucy,1
should,1
not,1
let,4
the,5
messages,4
get,4
to,4
her,3
and,2
that,2
the,3
sender,2
was,2
only,2
jealous,1
were,1
Lucy's,5
mom's,3
"arguments,",2
in,1
an,1
effort,1
to,1
comfort,1
her,1
daughter.,0
Lucy's,3
mom,1
suddenly,1
felt,2
"guilty,",2
for,1
she,1
had,1
been,1
the,1
one,1
to,1
buy,2
the,2
phone,2
for,2
Lucy,1
just,1
a,1
couple,2
of,2
months,1
ago.,0
She,1
then,1
admitted,3
her,4
regret,4
about,4
the,4
phone,3
was,3
still,3
bugging,3
her,2
out,2
loud,1
as,1
she,1
"sighed,",2
'I,2
never,1
should,1
have,1
given,2
you,1
that,1
phone,0
Lucy.',0
"'No,",2
it's,2
fine.,2
I,2
love,2
"it,'",3
said,1
Lucy,0
knowing,1
that,1
affording,2
the,2
phone,1
had,1
been,1
no,1
small,1
thing,1
for,1
her,1
mother.,0
It,1
had,1
been,1
nothing,3
but,2
trouble,1
though.,0
Lucy,1
did,1
not,1
know,5
who,5
it,5
was,5
that,5
was,5
sending,6
her,5
the,5
"messages,",8
and,3
she,3
did,3
not,3
know,3
how,3
they,3
had,3
got,3
her,3
"number,",4
but,1
whoever,2
it,2
"was,",2
he,3
or,2
she,1
had,1
slowly,1
taken,2
over,1
Lucy's,3
life.,0
She,1
was,1
getting,1
several,1
texts,2
a,3
day,2
"now,",2
all,2
of,2
which,1
were,1
abusive,2
and,1
hurtful.,0
Lucy,1
wondered,1
what,1
the,2
person,2
who,2
was,2
messaging,2
her,1
might,1
be,1
thinking,2
or,1
trying,1
to,1
achieve,1
with,1
all,1
of,1
their,1
hateful,1
messages.,0
As,1
the,2
car,1
pulled,3
up,2
outside,2
the,2
"school,",4
which,2
looked,3
like,3
a,3
large,3
shadow,2
in,2
the,2
darkness,2
of,2
a,2
November,2
"evening,",2
Lucy,1
felt,1
a,2
shiver,1
run,2
down,1
her,1
spine.,0
Hastened,2
by,2
"Jill,",4
who,2
did,2
not,2
want,2
to,2
be,2
late,2
to,2
her,2
own,2
"concert,",2
Lucy,1
hesitantly,1
stepped,4
out,3
of,3
the,3
car,2
and,1
walked,1
toward,1
the,1
school.,0
It,1
was,1
Jill,3
who,3
in,4
her,4
final,4
year,4
of,4
high,4
school,3
had,3
become,2
involved,3
in,3
helping,3
organize,3
this,4
year's,7
school,3
talent,3
"show,",4
and,1
she,1
took,2
her,2
position,1
very,1
seriously.,0
Lucy,1
hurried,2
behind,2
"Jill,",2
pulling,2
on,2
the,2
"worn,",4
oversized,2
coat,2
that,2
had,2
originally,2
belonged,2
to,2
"Jill,",2
in,2
order,1
to,1
keep,1
her,1
dry,1
as,1
the,2
raindrops,1
fell,2
all,1
around,1
them.,0
As,1
the,2
sisters,1
entered,3
the,3
hall,2
where,2
the,3
show,2
was,2
to,2
take,2
"place,",2
Jill,1
filled,2
with,2
excitement,1
while,1
Lucy,1
regretted,1
that,1
she,1
had,1
promised,1
her,1
mother,0
she,1
would,1
participate,1
in,1
the,1
show.,0
'To,1
waste,2
your,2
talent,1
would,1
be,1
a,1
real,1
"shame,",4
for,2
you,2
have,2
such,2
a,2
beautiful,2
"voice,'",3
her,2
mother,1
had,1
argued,2
two,3
months,2
"back,",2
when,1
the,2
concert,1
was,1
first,1
announced.,0
Lucy,1
had,1
been,1
considering,2
"it,",2
for,1
she,1
did,2
love,1
to,1
sing.,0
That,1
very,1
"night,",0
the,1
first,1
text,1
message,1
had,1
come,1
through.,0
'How,1
does,1
it,1
feel,1
to,1
be,1
tall,3
and,2
lanky,1
like,1
a,1
giraffe?',0
it,1
had,1
"asked,",2
taking,2
Lucy,1
by,1
surprise.,0
One,2
of,2
the,2
popular,2
"girls,",2
Lucy,1
had,1
always,1
known,3
she,3
"wasn't,",7
but,1
before,2
the,3
messages,2
"began,",2
Lucy,1
had,1
always,1
been,1
quite,1
proud,1
of,1
being,1
a,2
little,1
different.,0
But,1
text,2
by,2
"text,",2
Lucy's,5
self-confidence,1
had,1
deflated,2
"and,",2
in,2
the,2
"end,",2
it,1
had,1
taken,2
some,1
doing,1
to,1
get,2
her,1
to,1
agree,1
to,1
perform,1
in,1
the,1
show.,0
"Now,",2
"however,",2
Lucy,1
had,1
no,1
choice,2
but,1
to,1
make,2
her,2
way,1
towards,1
the,1
stage,1
where,1
Jill,1
was,1
beckoning,2
encouragingly,1
to,1
her.,0
She,1
was,1
the,1
first,1
performer.,0
"Lucy,",4
announced,3
by,3
her,3
sister,2
to,2
the,2
"audience,",2
was,1
all,1
nerves,1
as,1
she,1
walked,2
out,1
onto,1
the,1
middle,2
of,2
the,2
"stage,",2
where,1
there,1
was,1
nothing,1
but,1
a,1
microphone,2
and,1
her.,0
She,1
heard,3
the,4
audience,3
applaud,2
and,1
could,1
feel,1
a,2
sense,2
of,2
anticipation,1
emanate,1
from,1
the,1
other,1
side,1
of,1
the,1
heavy,1
curtain.,0
As,1
the,2
curtains,1
began,2
to,2
"part,",2
she,1
cast,2
a,2
worried,2
look,1
at,1
Jill,2
in,2
the,2
"wings,",2
who,1
assured,2
her,1
with,1
a,1
positive,1
thumbs,1
up.,0
Lucy,1
thought,2
to,2
herself,1
that,1
she,1
could,1
not,1
go,4
through,3
with,3
this,2
and,1
that,1
"she,",2
unlike,2
her,2
older,2
"sister,",2
was,1
not,1
confident,2
enough,1
to,1
put,2
herself,1
before,1
the,1
judging,1
audience.,0
The,1
crowd,1
looked,4
up,3
at,3
her,2
and,1
Lucy,1
was,1
ready,1
to,1
run,1
when,1
the,2
first,2
notes,2
of,2
the,2
music,1
sounded,3
out,2
and,1
a,2
sudden,2
calm,1
settled,2
over,1
her.,0
She,1
closed,3
her,3
eyes,2
and,1
shut,3
everything,2
"out,",2
including,1
the,1
"audience,",8
the,4
nerves,4
that,4
threatened,4
to,4
take,4
"over,",6
the,3
text,3
"messages,",4
and,1
the,1
way,1
they,1
made,1
her,1
feel.,0
It,1
was,1
just,1
her,4
and,3
the,3
"music,",4
and,1
it,1
was,1
a,1
love,1
story,1
that,1
had,1
been,1
going,2
on,1
her,1
whole,1
life.,0
She,1
began,3
to,3
"sing,",4
and,1
all,2
the,2
pain,4
and,3
confusion,2
that,2
the,3
messages,2
had,2
been,2
causing,2
inside,2
her,1
just,1
flowed,1
out.,0
The,1
words,1
were,1
not,1
"important,",2
for,1
it,1
was,1
the,1
feeling,2
behind,2
them,1
that,2
she,2
latched,1
onto.,0
Lucy,1
was,1
in,1
the,1
heart,2
of,2
the,2
song,1
with,1
the,2
rest,2
of,2
the,2
world,1
slipping,1
away.,0
When,1
the,2
song,1
finished,3
and,2
the,3
last,3
note,2
died,2
"away,",2
she,1
opened,1
her,1
eyes.,0
To,1
see,2
the,2
whole,2
audience,4
on,4
their,4
feet,3
and,2
the,2
hall,2
filled,2
with,2
cheers,3
and,2
applause,1
was,1
not,1
what,1
Lucy,1
had,1
expected.,0
Lucy,1
allowed,2
herself,1
to,1
enjoy,1
the,1
sense,2
of,2
achievement,3
and,2
belonging,1
that,1
she,1
had,1
not,1
felt,1
in,1
a,1
very,2
long,1
time.,0
Then,1
she,1
saw,1
her,1
"mother,",8
who,4
was,4
cheering,4
the,4
loudest,4
of,4
all,3
in,3
the,3
"crowd,",4
and,1
"Jill,",2
who,1
was,1
beaming,3
at,3
her,2
with,2
pride,1
from,1
the,1
wings.,0
She,1
knew,1
she,1
owed,3
them,2
big,2
time,1
for,1
reminding,1
her,0
what,1
she,1
was,1
capable,3
of,2
and,1
who,1
she,1
really,1
was.,0
The,1
next,1
time,2
her,3
phone,2
bleeped,1
she,1
would,1
tap,2
the,2
message,1
straight,1
into,1
oblivion,1
where,1
it,1
belonged.,0
The,1
Roswell,1
UFO,1
Incident,1
was,1
the,1
alleged,1
recovery,1
of,1
extra-terrestrial,1
"debris,",4
including,2
alien,2
"corpses,",2
from,1
an,1
object,1
that,1
crashed,2
near,2
"Roswell,",4
New,2
"Mexico,",2
on,3
or,2
about,1
July,3
"eighth,",4
nineteen,1
forty-seven.,0
Since,1
the,1
late,1
nineteen,1
"seventies,",2
the,2
incident,1
has,1
been,1
the,1
subject,3
of,3
intense,3
controversy,2
and,1
the,1
subject,1
of,1
conspiracy,1
theories,1
as,1
to,1
the,1
true,1
nature,1
of,1
the,1
object,1
that,1
crashed.,0
The,1
United,1
States,1
military,1
maintains,1
the,2
debris,2
recovered,1
was,1
from,1
an,1
experimental,1
high-altitude,1
surveillance,1
balloon,1
that,1
belonged,1
to,1
a,1
classified,1
program,1
named,1
'Mogul'.,1
"However,",2
many,2
UFO,2
proponents,1
maintain,1
"that,",2
in,2
"fact,",2
a,2
crashed,2
alien,2
craft,3
and,2
bodies,1
were,1
"recovered,",4
and,1
that,1
the,2
military,1
then,1
engaged,1
in,1
a,1
cover-up.,0
The,1
incident,1
has,1
turned,2
into,2
a,2
widely,3
known,2
pop,2
culture,2
"phenomenon,",2
making,1
the,2
name,2
Roswell,1
synonymous,1
with,1
UFOs.,0
It,1
ranks,1
as,1
one,1
of,1
the,1
most,2
publicized,3
and,2
controversial,1
alleged,1
UFO,1
incidents.,0
On,1
July,1
"ninth,",4
nineteen,2
"forty-seven,",2
a,2
press,2
release,2
that,2
Roswell,3
Army,3
Air,3
Field,2
issued,1
stated,2
that,2
personnel,3
from,3
the,4
field's,7
Bomb,3
Group,2
had,2
recovered,3
a,3
crashed,3
'flying,6
disc',4
from,2
a,2
ranch,2
near,2
"Roswell,",2
sparking,1
intense,1
media,1
interest.,0
Later,2
the,2
same,2
"day,",2
the,2
Commanding,2
General,2
of,2
the,2
Eighth,2
Air,2
Force,1
stated,1
"that,",2
in,2
"fact,",2
a,2
weather,2
balloon,1
had,1
been,1
recovered,3
by,3
the,3
Roswell,3
Army,3
Air,3
Field,3
"personnel,",4
rather,2
than,1
a,1
'flying,2
saucer'.,0
A,1
subsequent,1
press,1
conference,1
was,1
"called,",2
featuring,1
debris,2
from,2
the,2
crashed,2
object,1
that,1
confirmed,1
the,1
weather,1
balloon,1
description.,0
The,1
case,1
was,1
quickly,1
forgotten,3
and,2
almost,2
completely,1
"ignored,",4
even,2
by,2
UFO,2
"researchers,",2
for,1
more,3
than,2
thirty,1
years.,0
"Then,",2
in,2
nineteen,2
"seventy-eight,",2
nuclear,2
physicist,3
and,2
author,1
Stanton,2
Friedman,1
interviewed,1
Jesse,1
"Marcel,",2
the,1
only,1
person,1
known,1
to,1
have,1
accompanied,3
the,3
Roswell,3
debris,2
from,2
where,2
it,2
was,2
recovered,1
to,1
Fort,1
Worth.,0
Over,1
the,1
next,1
few,1
"years,",2
the,2
accounts,2
he,4
and,3
others,2
gave,1
elevated,3
Roswell,2
from,2
a,2
forgotten,2
incident,1
to,1
perhaps,1
the,1
most,2
famous,1
UFO,1
case,1
of,1
all,1
time.,0
By,1
the,1
early,1
nineteen,1
"nineties,",2
UFO,2
researchers,1
had,1
interviewed,1
several,2
hundred,1
people,1
who,1
"had,",6
or,2
who,2
claimed,2
to,2
have,2
"had,",2
a,1
connection,1
with,1
the,1
events,2
at,2
Roswell,1
in,1
nineteen,1
forty-seven.,0
"Additionally,",2
hundreds,2
of,2
documents,1
were,1
obtained,2
by,2
Freedom,3
of,3
Information,2
Act,1
"requests,",2
as,1
were,1
some,1
that,1
insiders,1
apparently,1
leaked.,0
Their,1
conclusions,1
were,1
that,1
at,2
least,2
one,2
alien,2
craft,1
had,1
crashed,4
in,4
the,4
Roswell,4
"vicinity,",6
that,3
"aliens,",8
some,4
possibly,4
still,4
"alive,",6
were,3
"recovered,",4
and,1
that,1
a,2
massive,2
cover-up,2
of,2
any,2
knowledge,2
of,2
the,2
incident,1
was,1
put,1
in,1
place.,0
Numerous,1
"books,",10
"articles,",8
television,4
specials,3
and,2
even,2
a,2
made-for-TV,2
movie,1
brought,3
the,3
nineteen,3
forty-seven,3
incident,2
fame,3
and,2
"notoriety,",2
so,2
that,1
by,2
the,2
mid,2
nineteen,2
"nineties,",2
strong,2
majorities,2
in,2
"polls,",4
such,3
as,2
a,2
nineteen,2
ninety-seven,2
CNN,2
Time,2
"poll,",2
believed,1
that,1
aliens,1
had,1
visited,3
earth,2
and,1
specifically,1
that,1
aliens,1
had,1
landed,3
at,3
Roswell,2
and,1
the,2
government,1
was,1
covering,2
up,1
the,1
fact.,0
During,1
the,1
nineteen,1
eighties,3
and,2
nineteen,2
"nineties,",2
a,2
new,2
narrative,1
emerged,0
which,1
was,1
at,1
strong,1
odds,1
with,1
what,1
was,1
reported,1
in,1
nineteen,1
forty-seven.,0
This,1
narrative,1
evolved,3
over,2
the,2
years,2
from,2
the,2
time,2
the,3
first,3
book,3
on,3
Roswell,2
was,2
published,2
in,2
nineteen,2
"eighty,",2
as,1
many,2
new,2
witnesses,3
and,2
accounts,1
"emerged,",0
drawn,3
out,2
in,2
part,1
by,1
the,1
publicity,1
on,1
the,1
incident.,0
Of,1
the,1
hundreds,3
of,3
witnesses,3
that,3
the,4
various,4
researchers,3
"interviewed,",4
a,2
seemingly,3
impressive,2
"figure,",2
a,2
comparable,2
few,1
were,1
true,1
'witnesses',3
who,1
claimed,1
to,1
have,1
actually,1
seen,1
debris,2
or,1
aliens.,0
Most,2
of,2
these,2
so-called,2
witnesses,1
were,1
repeating,3
the,3
claims,3
of,3
"others,",4
and,1
their,2
testimony,1
would,1
be,1
inadmissible,1
hearsay,1
in,1
an,1
American,1
court.,0
As,1
for,1
the,1
several,1
accounts,2
from,2
those,2
who,2
claimed,2
to,2
have,2
seen,2
"aliens,",2
critics,1
identified,1
a,1
variety,1
of,1
problems,1
with,1
them.,0
These,1
problems,1
ranged,3
from,3
the,3
reliability,3
of,3
second-hand,3
"accounts,",4
to,2
serious,2
credibility,2
problems,2
with,2
witnesses,2
making,2
demonstrably,3
false,4
or,3
internally-inconsistent,2
"claims,",2
to,1
dubious,1
death-bed,1
'confessions',5
or,1
accounts,1
from,1
elderly,3
or,2
easily,2
confused,1
witnesses.,0
A,1
basic,1
problem,2
with,2
all,2
the,2
witness,2
"accounts,",2
according,3
to,2
the,2
"critics,",2
is,1
that,1
they,1
all,1
came,3
a,4
minimum,3
of,4
thirty-one,3
years,3
after,2
the,3
events,3
in,3
"question,",4
and,1
in,1
many,1
cases,0
were,1
recounted,1
more,3
than,2
forty,1
years,1
after,0
the,1
fact.,0
Not,0
only,1
are,1
memories,2
this,3
old,2
of,2
dubious,2
"reliability,",2
they,1
were,1
also,1
subject,1
to,1
contamination,1
from,1
other,1
accounts,1
the,2
witnesses,1
may,1
have,1
been,1
exposed,1
to.,0
Though,1
there,1
had,1
always,1
been,1
skeptics,2
who,2
had,2
many,2
objections,2
to,2
the,2
plausibility,2
of,2
these,2
"accounts,",2
it,1
was,3
not,2
until,2
the,2
mid,2
nineteen,2
nineties,1
that,1
a,2
strong,2
counter-argument,2
to,2
the,2
presence,2
of,2
aliens,1
was,1
widely,0
publicized.,0
The,1
General,1
Accounting,1
Office,1
launched,3
an,3
inquiry,2
and,1
directed,2
the,2
Office,2
of,2
the,2
Secretary,2
of,2
the,2
Air,2
Force,1
to,1
conduct,1
an,1
internal,1
investigation.,0
The,1
result,1
was,1
summarized,1
in,1
two,1
reports.,0
The,1
"first,",4
released,2
in,2
nineteen,2
"ninety-five,",2
concluded,1
that,1
the,2
reported,2
recovered,2
material,2
in,2
nineteen,2
forty-seven,1
was,1
likely,1
debris,1
from,1
a,1
secret,1
government,1
program,2
called,2
Project,2
"Mogul,",2
which,1
involved,1
high,1
altitude,1
balloons,1
meant,1
to,1
detect,1
sound,1
waves,1
generated,1
by,1
Soviet,1
atomic,1
bomb,1
tests,2
and,1
ballistic,1
missiles.,0
The,1
second,1
"report,",4
released,3
two,4
years,3
"later,",4
in,2
nineteen,2
"ninety-seven,",2
concluded,1
that,1
reports,2
of,2
recovered,2
alien,2
bodies,1
were,1
likely,1
a,1
combination,1
of,1
innocently,2
transformed,1
memories,4
of,4
military,4
accidents,4
involving,4
injured,6
or,5
killed,4
"personnel,",6
innocently,4
transformed,3
memories,3
of,3
the,3
recovery,3
of,3
anthropomorphic,3
dummies,3
in,3
military,3
programs,3
US,3
conducted,3
in,3
the,3
nineteen,3
"fifties,",4
and,1
hoaxes,1
that,1
various,2
witnesses,3
and,2
UFO,2
proponents,1
perpetrated.,0
The,1
psychological,1
effects,4
of,4
time,4
compression,3
and,2
confusion,2
about,2
when,2
events,2
occurred,1
explained,1
the,1
discrepancy,1
with,1
the,1
years,1
in,1
question.,0
In,1
January,3
nineteen,2
"ninety-seven,",2
Karl,2
"Pflock,",4
one,2
of,2
the,2
more,3
prominent,2
pro-UFO,2
"researchers,",2
"said,",2
'Based,3
on,2
my,2
research,3
and,2
that,2
of,2
"others,",2
I'm,2
as,1
certain,1
as,2
it's,4
possible,2
to,2
be,2
without,2
absolute,2
"proof,",2
that,1
no,2
flying,2
saucer,3
or,2
saucers,1
crashed,2
in,2
the,2
general,2
vicinity,4
of,4
Roswell,3
or,2
on,2
the,2
Plains,2
of,2
San,2
Agustin,1
in,1
nineteen,1
forty-seven.',0
He,1
then,1
"added,",2
'The,3
debris,2
found,1
was,1
the,1
remains,1
of,1
something,2
very,2
"earthly,",2
all,2
but,1
certainly,0
something,1
from,1
the,1
Top,2
Secret,1
Project,1
Mogul.',0
Although,1
most,1
now,1
agree,2
with,2
this,2
"conclusion,",2
each,2
"year,",2
during,2
July,2
Fourth,1
"weekend,",2
the,2
City,2
of,2
Roswell,1
hosts,0
the,1
Roswell,1
UFO,1
Festival,1
celebrating,1
all,2
things,1
"UFO,",0
featuring,1
prominent,1
UFOlogists,2
and,1
discussions.,0
Tulip,1
mania,1
was,1
a,1
period,2
in,2
the,2
Dutch,2
Golden,2
Age,1
during,2
which,1
contract,2
prices,2
for,2
bulbs,2
of,2
the,2
recently,3
introduced,2
tulip,1
reached,4
extraordinarily,5
high,4
levels,3
and,2
then,1
suddenly,0
collapsed.,0
At,1
the,1
peak,3
of,3
tulip,3
mania,2
in,2
February,2
sixteen,2
"thirty-seven,",2
tulip,2
contracts,1
sold,1
for,1
more,3
than,2
ten,2
times,1
the,1
annual,1
income,1
of,1
a,1
skilled,1
craftsman.,0
It,1
is,1
generally,1
considered,1
the,1
first,1
recorded,1
economic,1
bubble.,0
The,1
"tulip,",4
introduced,4
to,4
Europe,3
in,3
the,3
mid,3
sixteenth,3
century,2
from,2
the,2
Ottoman,2
"Empire,",2
became,2
very,2
popular,1
in,1
the,1
United,1
"Provinces,",2
which,1
we,1
now,1
know,1
as,1
the,1
Netherlands.,0
Tulip,1
cultivation,2
in,2
the,2
United,2
Provinces,1
is,1
generally,1
thought,1
to,1
have,1
started,3
in,3
earnest,2
around,2
fifteen,2
"ninety-three,",2
after,1
the,2
Flemish,2
botanist,1
Charles,2
de,2
l'Ecluse,1
had,1
taken,5
up,4
a,4
post,3
at,3
the,3
University,3
of,3
Leiden,2
and,1
established,1
a,1
botanical,1
"garden,",2
which,1
is,1
famous,1
as,1
one,1
of,1
the,1
oldest,1
in,1
the,1
world.,0
"There,",2
he,1
planted,1
his,1
collection,1
of,1
tulip,1
bulbs,2
that,2
the,3
Emperor's,7
ambassador,2
sent,3
to,3
him,2
from,2
"Turkey,",2
which,1
were,1
able,1
to,1
tolerate,1
the,1
harsher,1
conditions,1
of,1
the,1
northern,1
climate.,0
It,1
was,1
shortly,1
thereafter,1
that,1
the,2
tulips,1
began,1
to,1
grow,1
in,1
popularity.,0
The,1
flower,1
rapidly,1
became,3
a,3
coveted,3
luxury,3
item,4
and,3
a,3
status,3
"symbol,",4
and,1
a,2
profusion,2
of,2
varieties,1
followed.,0
They,1
were,1
classified,2
in,2
groups:,2
one-colored,2
tulips,2
of,2
"red,",8
"yellow,",6
or,2
white,1
were,1
known,3
as,3
"Couleren,",4
but,1
it,1
was,1
the,1
multicolored,1
Rosen,4
(red,11
or,6
pink,5
on,5
white,5
"background),",12
Violetten,3
(purple,9
or,5
lilac,4
on,4
white,4
"background),",9
"and,",4
to,3
a,3
lesser,3
"extent,",4
the,2
Bizarden,1
"(red,",11
brown,4
or,3
purple,2
on,2
yellow,2
background),2
that,1
were,1
the,1
most,1
popular.,0
These,1
spectacular,3
and,2
highly,2
sought-after,1
tulip,1
bulbs,1
would,1
grow,2
flowers,2
with,2
vivid,2
"colors,",10
"lines,",8
and,3
flames,2
on,2
the,2
"petals,",2
as,1
a,1
"result,",2
it,2
is,2
now,2
"understood,",2
of,1
being,1
infected,1
with,1
tulip-specific,1
virus,1
known,1
as,1
the,1
'Tulip,2
breaking,1
virus'.,0
The,1
Dutch,1
Golden,1
Age,1
growers,1
named,2
their,2
new,2
varieties,1
with,1
exalted,1
titles.,0
Many,1
early,1
forms,1
were,1
prefixed,2
with,2
"'admiral',",5
often,1
combined,0
with,1
the,2
growers',3
names.,0
'General',2
was,1
another,1
prefix,1
that,1
found,2
its,2
way,1
into,1
the,1
names,1
of,1
around,1
thirty,1
varieties.,0
Later,1
came,1
varieties,1
with,1
even,2
more,2
superb,1
"names,",2
such,2
as,1
even,1
'Admiral,4
of,3
Admirals',4
and,1
'General,2
of,1
Generals'.,0
Most,2
of,2
these,2
varieties,1
have,1
now,1
died,2
"out,",2
though,1
similar,2
'broken',6
tulips,1
continue,1
in,1
the,1
trade.,0
Tulips,1
grow,3
from,3
"bulbs,",4
and,1
can,1
be,1
propagated,1
through,1
both,1
seeds,2
and,1
buds.,0
Seeds,2
from,2
a,2
tulip,1
will,1
form,2
a,2
flowering,2
bulb,1
after,1
seven-twelve,1
years.,0
When,1
a,2
bulb,1
grows,2
into,2
the,2
"flower,",2
the,2
original,2
bulb,1
will,1
"disappear,",4
but,1
a,2
clone,2
bulb,1
forms,2
in,2
its,2
"place,",2
as,1
do,1
several,1
buds.,0
Properly,1
"cultivated,",2
these,2
buds,1
will,1
become,1
bulbs,1
of,1
their,1
own.,0
The,1
'tulip,2
breaking',2
"virus,",4
which,2
many,3
botanists,2
have,2
"studied,",2
spreads,5
only,4
through,4
"buds,",8
not,4
"seeds,",6
and,2
so,1
cultivating,2
the,2
most,3
appealing,2
varieties,1
takes,1
years.,0
Propagation,1
is,1
greatly,1
slowed,2
down,1
by,1
the,1
virus.,0
Tulips,1
bloom,4
in,4
April,5
and,4
May,3
for,3
about,3
a,3
"week,",4
and,1
the,2
secondary,2
buds,1
appear,1
shortly,1
thereafter.,0
Bulbs,1
can,1
be,1
uprooted,6
and,5
moved,5
about,4
from,4
June,3
to,3
"September,",4
and,1
thus,1
actual,2
purchases,1
occurred,1
during,1
these,1
months.,0
As,1
the,2
flowers,1
grew,2
in,2
"popularity,",2
professional,2
growers,1
paid,2
higher,4
and,3
higher,2
prices,1
for,1
bulbs,1
with,1
the,1
virus.,0
By,1
sixteen,1
"thirty-four,",2
in,2
part,1
as,2
a,2
result,2
of,2
demand,2
from,2
the,2
"French,",2
speculators,1
began,1
to,1
enter,1
the,1
market.,0
In,1
sixteen,1
"thirty-six,",2
the,2
Dutch,1
created,1
a,1
type,1
of,1
formal,1
futures,1
"markets,",2
which,1
merchants,1
used,1
to,1
sell,3
and,2
buy,1
contracts,1
to,1
buy,2
bulbs,1
at,1
the,1
end,1
of,1
the,1
season.,0
Traders,1
met,3
at,3
taverns,2
and,1
buyers,1
were,1
required,1
to,1
pay,1
a,1
fee,1
per,1
trade.,0
People,1
were,1
purchasing,2
bulbs,1
at,1
higher,3
and,2
higher,1
"prices,",0
intending,1
to,1
re-sell,2
them,1
for,1
a,1
profit.,0
"However,",2
such,2
a,2
scheme,1
could,1
not,1
last,1
unless,1
someone,1
was,1
ultimately,1
willing,1
to,1
pay,3
such,3
high,3
prices,2
and,1
take,1
possession,1
of,1
the,1
bulbs.,0
In,1
February,1
sixteen,1
"thirty-seven,",2
tulip,2
traders,1
could,1
no,2
longer,1
find,2
new,2
buyers,1
willing,1
to,1
pay,2
increasingly,3
inflated,2
prices,1
for,1
their,1
bulbs.,0
As,1
this,2
realization,1
set,2
"in,",2
the,2
demand,2
for,2
tulips,1
"collapsed,",4
and,1
prices,1
plummeted.,0
The,1
speculative,1
bubble,1
burst.,0
Some,1
were,1
left,1
holding,2
contracts,1
to,1
purchase,2
tulips,1
at,1
prices,2
now,1
ten,2
times,1
greater,1
than,1
those,1
on,1
the,1
open,1
"market,",0
while,1
others,1
found,2
themselves,1
in,1
possession,1
of,1
bulbs,1
now,1
worth,1
a,1
fraction,1
of,1
the,1
price,1
they,1
had,1
paid.,0
The,1
event,1
was,1
popularized,2
in,2
eighteen,2
forty-one,1
by,1
the,1
book,1
'Extraordinary,3
Popular,2
Delusions,3
and,2
the,2
Madness,2
of,2
"Crowds',",3
that,1
a,2
British,2
journalist,1
Charles,2
Mackay,1
wrote.,0
That,1
crowds,2
of,2
people,1
often,1
behave,2
irrationally,1
was,1
the,1
main,1
thesis,3
of,3
the,3
"book,",4
and,1
tulip,2
mania,1
was,1
one,1
of,1
the,1
primary,1
examples.,0
According,2
to,1
"Mackay,",2
at,2
one,2
point,1
twelve,2
acres,2
of,2
land,1
were,1
offered,1
for,1
a,1
Semper,1
Augustus,1
bulb.,0
He,1
claims,1
that,1
many,2
such,2
investors,2
ruined,2
by,2
the,2
fall,2
in,2
prices,1
were,1
"desperate,",4
and,1
Dutch,2
commerce,1
suffered,1
a,1
severe,1
shock.,0
In,1
Mackay's,3
"account,",2
the,2
panicked,2
tulip,2
speculators,1
sought,1
help,1
from,1
the,1
government,2
of,2
the,2
"Netherlands,",2
which,1
responded,1
by,1
declaring,1
that,1
anyone,2
who,2
had,2
bought,3
contracts,2
to,2
purchase,3
bulbs,2
in,2
the,2
future,1
could,1
void,2
their,2
contract,1
by,1
payment,1
of,1
a,1
ten,1
percent,1
fee.,0
Attempts,2
that,2
were,2
made,2
to,2
resolve,3
the,3
situation,2
to,2
the,2
satisfaction,2
of,2
all,2
parties,1
were,1
unsuccessful.,0
The,1
mania,1
finally,1
"ended,",2
Mackay,2
"says,",2
with,1
individuals,1
stuck,1
with,1
the,1
bulbs,1
they,1
held,1
at,1
the,1
end,1
of,1
the,1
crash.,0
No,1
court,1
would,1
enforce,2
payment,2
of,2
a,2
"contract,",2
since,1
judges,1
regarded,2
the,2
debts,1
as,1
contracted,3
through,3
"gambling,",4
and,1
thus,0
not,1
enforceable,1
by,1
law.,0
Although,1
Mackay's,5
book,1
is,1
a,1
classic,1
that,2
many,3
publishing,3
houses,3
continue,3
reprinting,2
"today,",2
his,2
account,1
is,1
contested.,0
Many,1
modern,1
scholars,1
believe,2
the,3
mania,2
was,2
not,2
as,2
extraordinary,2
as,2
Mackay,2
"described,",2
with,1
some,1
arguing,1
that,1
the,2
price,2
changes,1
may,1
not,1
have,1
constituted,1
a,1
bubble.,0
Research,2
on,2
the,2
tulip,2
mania,1
is,1
difficult,1
because,2
of,1
the,1
limited,1
data,1
from,1
the,1
sixteen,1
thirties.,0
"However,",2
some,2
modern,2
economists,1
have,1
proposed,1
rational,1
"explanations,",6
rather,3
than,2
a,2
speculative,2
"mania,",2
for,1
the,1
rise,3
and,2
fall,1
in,1
prices.,0
For,1
"example,",2
other,2
"flowers,",4
such,3
as,2
the,2
"hyacinth,",2
also,1
had,1
high,1
prices,2
on,2
the,3
flower's,5
"introduction,",2
which,1
then,1
fell,1
dramatically.,0
The,1
high,1
prices,1
may,1
also,1
have,1
been,1
driven,1
by,1
expectations,1
of,1
a,1
parliamentary,1
decree,0
that,1
contracts,1
could,1
be,1
voided,2
for,2
a,2
small,2
"cost,",2
thus,1
lowering,1
the,1
risk,1
to,1
buyers.,0
Despite,1
these,1
disagreements,2
about,2
whether,2
the,3
phenomenon,2
technically,2
constituted,2
an,2
economic,2
"bubble,",2
the,2
term,1
'tulip,3
mania',2
is,1
still,1
often,1
used,2
metaphorically,1
to,1
refer,1
to,1
any,1
large,1
economic,1
"bubble,",2
when,1
asset,2
prices,1
deviate,1
from,1
intrinsic,1
values.,0
Tourette's,3
"syndrome,",4
a,2
neurological,2
disorder,2
characterized,2
by,2
"repetitive,",4
involuntary,2
"movements,",2
was,1
named,1
for,1
Dr.,1
Georges,1
Gilles,1
de,1
la,1
"Tourette,",2
the,1
pioneering,1
French,1
neurologist,1
who,1
first,1
described,2
the,2
condition,1
in,1
an,1
eighty-six-year-old,1
French,1
noblewoman.,0
It,1
is,1
almost,2
always,1
in,1
childhood,1
that,1
the,2
early,2
symptoms,2
of,2
Tourette's,3
are,1
first,1
"noticed,",2
with,1
the,1
average,1
onset,1
between,1
the,1
ages,1
of,1
seven,3
and,2
ten,1
years.,0
It,1
is,1
estimated,3
that,3
two,4
hundred,4
thousand,4
Americans,3
have,3
the,3
most,4
severe,3
form,3
of,3
"Tourette's,",7
and,1
as,2
many,3
as,2
one,3
in,3
a,3
hundred,2
people,1
exhibit,1
milder,3
and,2
less,2
complex,1
symptoms,1
that,1
include,1
chronic,2
motor,3
and,2
vocal,1
tics,2
or,1
transient,1
tics,1
of,1
childhood.,0
For,1
the,1
majority,2
of,2
people,2
diagnosed,2
with,2
the,2
"disorder,",2
Tourette's,3
is,1
not,1
a,1
chronic,1
condition,1
with,1
symptoms,1
lasting,1
a,1
lifetime.,0
Rather,1
it,1
is,1
a,1
condition,1
whose,2
severity,1
peaks,2
in,2
the,2
early,2
"teens,",2
with,1
improvement,0
occurring,3
in,3
the,3
late,3
teens,2
and,1
continuing,1
into,1
adulthood.,0
"However,",2
approximately,2
ten,2
percent,2
of,2
those,2
affected,1
have,1
a,1
progressive,3
or,2
disabling,1
course,1
that,1
lasts,1
into,1
adulthood.,0
It,1
is,1
not,1
uncommon,2
for,2
symptoms,1
to,1
be,1
present,2
for,2
an,2
extended,2
period,2
of,2
time,1
before,1
a,2
formal,2
diagnosis,2
of,2
Tourette's,3
is,1
obtained.,0
The,1
reasons,2
for,2
this,1
are,1
many,2
and,1
may,1
include,1
the,1
fact,0
that,1
for,2
families,3
and,2
physicians,1
unfamiliar,2
with,2
"Tourette's,",4
mild,4
and,3
even,3
moderate,2
tic,2
symptoms,1
may,1
be,1
considered,1
"inconsequential,",6
part,3
of,3
a,3
developmental,3
"phase,",4
or,1
the,1
result,1
of,1
another,1
condition.,0
For,1
"example,",2
parents,1
may,1
think,1
that,1
eye,2
blinking,1
is,1
related,3
to,3
vision,3
problems,2
or,1
that,1
sniffing,1
is,1
related,1
to,1
seasonal,1
allergies.,0
There,1
are,1
many,1
patients,1
who,1
are,1
self-diagnosed,1
after,1
"they,",10
their,5
"parents,",8
other,4
"relatives,",6
or,2
friends,1
read,4
or,3
hear,2
about,2
Tourette's,3
from,1
others.,0
Tics,1
are,1
classified,1
as,1
either,1
simple,2
or,1
complex.,0
Simple,1
motor,1
tics,1
are,1
"sudden,",2
"brief,",2
repetitive,1
movements,1
that,1
involve,1
a,1
limited,1
number,1
of,1
muscle,1
groups.,0
Some,2
of,2
the,2
more,3
common,2
simple,2
tics,1
include,1
eye,1
"blinking,",8
facial,4
"grimacing,",6
shoulder,3
"shrugging,",4
and,1
head,3
or,2
shoulder,1
jerking.,0
Simple,1
"vocalizations,",4
which,2
motor,3
tics,2
typically,2
"precede,",2
might,1
include,1
repetitive,1
"throat-clearing,",8
"sniffing,",6
or,2
grunting,1
sounds.,0
Complex,1
tics,1
are,1
"distinct,",2
coordinated,1
patterns,2
of,2
movement,1
that,1
involve,1
several,1
muscle,1
groups.,0
Complex,1
motor,1
tics,1
might,1
include,1
facial,1
grimacing,1
combined,1
with,1
a,1
head,1
twist,2
and,1
a,1
shoulder,1
shrug.,0
Other,1
complex,1
motor,1
tics,1
may,1
actually,1
appear,2
"purposeful,",2
including,1
sniffing,8
or,7
touching,6
"objects,",10
"hopping,",8
"jumping,",6
"bending,",4
or,1
twisting.,0
Complex,1
vocal,1
tics,1
include,1
words,2
or,1
phrases.,0
Perhaps,1
the,2
most,3
dramatic,4
and,3
disabling,2
tics,1
include,1
motor,1
movements,4
that,4
result,4
in,4
self-harm,3
such,4
as,3
punching,4
oneself,3
in,3
the,3
"face,",4
or,1
vocal,1
tics,1
including,1
"coprolalia,",6
which,3
involves,3
uttering,3
swear,3
"words,",4
or,1
"echolalia,",2
which,1
involves,1
repeating,1
the,1
words,3
or,2
phrases,1
of,1
others.,0
Tics,1
are,1
often,1
worse,3
with,3
excitement,4
or,3
anxiety,2
and,1
better,1
during,1
"calm,",2
focused,1
activities.,0
Certain,1
physical,1
experiences,1
can,1
trigger,3
or,2
worsen,1
tics.,0
For,1
"example,",2
tight,2
collars,1
may,1
trigger,3
neck,3
"tics,",4
or,1
hearing,2
another,3
person,2
sniff,3
or,2
throat-clear,1
may,1
trigger,1
the,1
production,1
of,1
similar,1
sounds.,0
Tics,1
come,4
and,3
go,2
over,2
"time,",2
varying,1
in,1
"type,",8
"frequency,",6
"location,",4
and,1
severity.,0
The,1
first,1
symptoms,2
Tourette's,7
patients,2
experience,1
usually,1
occur,2
in,2
the,2
head,4
and,3
neck,2
"area,",2
though,1
they,1
may,1
progress,1
to,1
include,1
muscles,1
of,1
the,1
trunk,2
and,1
extremities.,0
The,1
symptoms,2
of,2
Tourette's,3
are,1
"involuntary,",4
but,1
there,1
are,1
some,1
people,1
who,1
can,1
sometimes,1
"suppress,",10
"camouflage,",8
or,3
otherwise,3
manage,2
their,2
tics,1
in,1
an,1
effort,1
to,1
minimize,2
their,2
impact,1
on,1
functioning.,0
"However,",2
people,2
affected,2
by,2
Tourette's,3
often,1
report,1
a,1
substantial,1
buildup,3
in,3
tension,2
when,2
suppressing,2
their,2
tics,1
to,1
the,1
point,1
where,1
they,1
often,1
feel,1
that,1
the,2
tic,1
must,1
be,1
expressed.,0
Tics,2
in,2
response,2
to,2
an,2
environmental,2
trigger,1
can,1
appear,3
to,3
be,3
voluntary,4
or,3
"purposeful,",4
but,1
are,1
not.,0
Many,1
people,2
with,2
Tourette's,3
experience,1
additional,1
neurobehavioral,1
problems,1
that,1
include,1
"inattention,",6
hyperactivity,2
and,1
impulsivity.,0
People,2
with,2
Tourette's,3
have,1
also,1
reported,3
problems,3
with,3
depression,4
or,3
anxiety,3
"disorders,",4
as,3
well,2
as,1
other,1
difficulties,1
Tourette's,5
syndrome,1
may,1
or,1
may,1
not,1
directly,1
cause.,0
Tourette's,3
is,1
a,1
diagnosis,1
doctors,1
make,1
after,1
verifying,1
that,1
the,2
patient,1
has,1
had,2
both,2
motor,4
and,3
vocal,2
tics,1
for,1
at,2
least,2
one,1
year.,0
The,1
existence,2
of,2
other,2
neurological,3
or,2
psychiatric,2
conditions,1
can,1
also,1
help,1
doctors,1
establish,1
the,2
diagnosis,2
of,2
Tourette's,3
is,1
the,1
correct,1
one.,0
Knowledgeable,1
clinicians,2
consulted,2
by,2
patients,1
do,1
not,1
often,1
misdiagnose,1
common,1
tics.,0
"However,",2
atypical,2
symptoms,3
or,2
atypical,2
presentation,2
such,3
as,2
onset,3
of,3
symptoms,2
in,2
adulthood,1
may,1
require,2
specialty,2
expertise,1
for,1
diagnosis.,0
There,1
are,1
no,1
blood,3
or,2
laboratory,1
tests,1
needed,1
for,1
diagnosis.,0
"However,",2
neuroimaging,2
"studies,",8
which,4
include,4
magnetic,4
resonance,4
"imaging,",12
computerized,6
"tomography,",10
and,4
"electroencephalograms,",6
as,4
well,3
as,2
certain,2
lab,2
tests,1
may,1
be,1
used,1
to,1
rule,2
out,1
other,1
conditions,0
that,2
Tourette's,5
might,2
be,2
confused,1
with.,0
In,1
terms,2
of,2
the,2
role,3
of,3
genes,2
in,2
the,2
"disorder,",2
evidence,2
from,2
twin,4
and,3
family,2
studies,1
suggests,1
that,1
Tourette's,3
is,1
an,1
inherited,1
disorder.,0
Although,1
early,2
family,2
studies,1
suggested,2
an,3
autosomal,3
dominant,3
mode,3
of,3
inheritance,2
characterized,2
the,2
"condition,",2
more,2
recent,2
studies,1
discovered,1
the,2
pattern,2
of,2
inheritance,1
was,1
much,1
more,1
complex.,0
Although,1
there,1
may,1
be,1
a,1
few,1
genes,2
that,2
have,2
substantial,2
"effects,",2
it's,4
also,2
possible,1
that,1
many,2
genes,4
with,4
smaller,4
effects,3
and,2
environmental,2
factors,1
may,1
play,2
a,2
role,1
in,1
the,1
development,1
of,1
Tourette's.,1
Genetic,1
studies,1
also,1
suggest,3
that,3
some,4
forms,4
of,4
Attention,4
Deficit,4
Hyperactivity,4
Disorder,5
and,4
Obsessive,4
Compulsive,4
Disorder,3
are,3
genetically,3
related,3
to,3
"Tourette's,",7
but,1
there,1
is,1
less,1
evidence,1
for,1
a,1
genetic,1
relationship,1
between,1
Tourette's,5
and,1
other,1
neurobehavioral,1
problems,1
that,2
Tourette's,5
commonly,1
co-occurs,1
with.,0
An,1
important,1
role,2
in,2
Tourette's,5
gene,2
expression,1
is,1
played,1
by,1
the,1
sex,1
of,1
the,1
person.,0
In,1
"particular,",2
males,2
affected,2
by,2
the,2
gene,1
are,1
more,1
likely,3
to,3
have,3
tics,2
and,1
females,2
who,2
have,2
a,2
genetic,2
predisposition,1
are,1
more,1
likely,1
to,1
have,1
obsessive-compulsive,1
symptoms.,0
Much,1
current,1
research,1
is,1
aimed,1
at,1
better,1
understanding,1
the,1
genetic,1
basis,5
and,4
symptomology,3
of,3
"Tourette's,",7
as,3
well,2
as,1
its,1
relationship,1
to,1
related,1
disorders.,0
The,1
hope,1
is,1
that,1
this,2
research,1
leads,1
to,1
better,1
diagnostic,1
tools,3
and,2
better,2
treatments,1
for,1
Tourette's.,1
